Stanton A Glantz,11
Ian T Baldwin,8
Jeff Collin,7
Anna B Gilmore,7
Prakash C Gupta,7
Santiago F Elena,7
Shun-Fa Yang,6
Chiao-Wen Lin,6
Thomas E Novotny,5
Simon Chapman,5
Kelley Lee,5
Majid Ezzati,5
Maria Teresa Landi,5
Gary J Fooks,4
Leah M Ranney,4
Adam O Goldstein,4
Douglas E Levy,4
Paolo Boffetta,4
Jian-Min Yuan,4
Masahiro Nishihara,4
Juan Wang,4
Anil Kumar,4
Santosh Kumar,4
Neil E Caporaso,4
Patricia A McDaniel,3
Ruth E Malone,3
Becky Freeman,3
Mangesh S Pednekar,3
Geoffrey T Fong,3
Pete Driezen,3
Glorian Sorensen,3
Kasisomayajula Viswanath,3
Gary Fooks,3
Katherine E Smith,3
John P Pierce,3
Mohammed Jawad,3
Christopher Millett,3
Jidong Huang,3
Stanton Glantz,3
Nancy A Rigotti,3
Donna Warner,3
Jing Li,3
Esteve Fernández,3
James Lightwood,3
Sankar Kumar Ghosh,3
Wei Wang,3
Ana Navas-Acien,3
Wei Zheng,3
Yu-Tang Gao,3
Xiao-Ou Shu,3
Prabhat Jha,3
Rajesh Kumar,3
Nrisingha Dey,3
Matthew C Farrelly,3
Bernard Le Foll,3
S V Subramanian,3
George Davey Smith,3
Shu-Sheng Liu,3
Gary Adamkiewicz,3
Kathleen Bennett,3
Jill P Pell,3
Ivan Galis,3
Melinda C Aldrich,3
François Beck,3
David C Christiani,3
Chung-Han Hsin,3
Sanford M Dawsey,3
Ming-Hsien Chien,3
Manfred Heinlein,3
Jan Sundell,3
Wei Chen,3
Namita Sinha,3
Xuting Wang,3
Gary S Pittman,3
Douglas A Bell,3
Stig E Bojesen,3
Paul Brennan,3
David Carballo,3
Hao Chen,3
Dario Consonni,3
Angela C Pesatori,3
Pier Alberto Bertazzi,3
Andrew W Bergen,3
Yun-Chul Hong,3
Geoffrey Liu,3
Martin O'Flaherty,3
Simon Capewell,3
Heide Weishaar,2
Katherine Smith,2
Sema Mandal,2
Anna Gilmore,2
Nigar Nargis,2
Ummul H Ruthbah,2
Anne C K Quah,2
Abu S Abdullah,2
Selda Ulucanlar,2
Thomas Kyriss,2
Carlo La Vecchia,2
Wayne D Hall,2
Hana Ross,2
Martine Stead,2
Sally Haw,2
Wei-Zheng Li,2
Hong-Fei Zhang,2
Guohui Yuan,2
Xian-Ru Guo,2
Pamela M Ling,2
Xin Xu,2
Ann McNeill,2
Sudesh Kumar Yadav,2
Tony Blakely,2
Linda J Cobiac,2
Christine L Cleghorn,2
Amber L Pearson,2
Frederieke S van der Deen,2
Giorgi Kvizhinadze,2
Nhung Nghiem,2
Melissa McLeod,2
Nick Wilson,2
Sanjay Basu,2
Joseph G L Lee,2
Mahmoud Al Rifai,2
Aruni Bhatnagar,2
Michael J Blaha,2
Mohammed Al-Houqani,2
Raghib Ali,2
Thomas Land,2
Mark Paskowsky,2
Lois Keithly,2
Yan Li,2
Mei Zhang,2
Luke Clancy,2
Fazlur Rahman Talukdar,2
Ruhina Shirin Laskar,2
Rosy Mondal,2
Thomas J Bach,2
Andre Szklo,2
Weiguo Miao,2
Wenbo Liu,2
Shujian Zhang,2
Meng Zhang,2
Thomas M Chappell,2
Amanda L P Beaudoin,2
George G Kennedy,2
Guan-Zheng Qu,2
Tangchun Zheng,2
Lina Zang,2
Chuanping Yang,2
Athira Nandakumar,2
Suminori Akiba,2
Chihaya Koriyama,2
Esther Garcia-Esquinas,2
Sandra Y Lin,2
Shoichiro Tsugane,2
Chien-Jen Chen,2
Habibul Ahsan,2
You-Lin Qiao,2
Renwei Wang,2
Faruque Parvez,2
Jin-Hu Fan,2
Yu Chen,2
Manami Inoue,2
Daehee Kang,2
Yunjun Liu,2
Wei Lu,2
Yan Liu,2
Clare Meernik,2
Pam Redmon,2
Laura A Beebe,2
Jeff Velten,2
Cahid Cakir,2
Junping Chen,2
Christopher I Cazzonelli,2
Hongbin Li,2
Javed Hussain Choudhury,2
Ann Malarcher,2
Lei Zhang,2
Dipak Kumar Sahoo,2
Indu Bhushan Maiti,2
Jizzo R Bosdriesz,2
Anton E Kunst,2
Robert E Tyx,2
Angel J Rivera,2
Glen A Satten,2
Martin McKee,2
David Stuckler,2
Wei Hu,2
Guangxiao Yang,2
Guangyuan He,2
Christer Janson,2
Jennifer C Duke,2
Jane A Allen,2
Patrick Mercié,2
Fabrice Bonnet,2
Didier Neau,2
François Dabis,2
Geneviève Chêne,2
Manel Nebot,2
Chinmay Kumar Panda,2
Bidyut Roy,2
Susanta Roychoudhury,2
Shah Ebrahim,2
Jie Zhang,2
Mehdi Mirsaeidi,2
Ming Li,2
Dheeraj Verma,2
Henry Daniell,2
Tai Hing Lam,2
Deepti Jain,2
Debasis Chattopadhyay,2
Alejandro H Corvalán,2
Francisco Aguayo,2
Dewen Qiu,2
Fang-Hao Wan,2
Sandra N Slagter,2
Melanie M van der Klauw,2
Jana V van Vliet-Ostaptchouk,2
Bruce H R Wolffenbuttel,2
Peyton Jacob,2
Christopher Havel,2
Prue Talbot,2
Guixia Hao,2
Xing-Guo Xiao,2
Shona C Fang,2
Jonathan P Winickoff,2
Tao Wang,2
Yi Wen,2
Sek-Man Wong,2
Marcel Goldberg,2
Marie Zins,2
Yingying Li,2
Jian-Yang Guo,2
Gong-Yin Ye,2
Sheng-Zhang Dong,2
Chunhua Cao,2
Jianhua Chen,2
Chengqi Lyu,2
Jia Yu,2
Wei Zhao,2
Yi Wang,2
Derong Zou,2
Amit Kumar Chaturvedi,2
Manish Kumar Patel,2
Avinash Mishra,2
Vivekanand Tiwari,2
Bhavanath Jha,2
Heribert Warzecha,2
Nobuyuki Matoba,2
Ivan G Maia,2
Margarete C Kulik,2
Johan P Mackenbach,2
Neema Adhami,2
Stefan Schillberg,2
Daniel F Mackay,2
Keming Luo,2
Fong-Ching Chang,2
Rajeev Gupta,2
Jayadeep Patra,2
Wilson Suraweera,2
Tatsuya Sawasaki,2
Gen-ichiro Arimura,2
Suzanne H Gage,2
Marcus R Munafò,2
Didier Raoult,2
Romain Guignard,2
Jean-Louis Wilquin,2
Yuri L Dorokhov,2
Tatiana V Komarova,2
Igor V Petrunia,2
Olga Y Frolova,2
Yuri Y Gleba,2
Jingjuan Yu,2
Jean-Baptiste Richard,2
James M Nonnemaker,2
Tetsuya Mizoue,2
Hsiu-Ting Tsai,2
Mu-Kuan Chen,2
Luciane Velasque,2
Beatriz Grinsztejn,2
Chien-Huang Lin,2
Srikumar Chellappan,2
Dariush Nasrollahzadeh,2
Farhad Islami,2
Ramin Shakeri,2
Reza Malekzadeh,2
Fanglei Liao,2
Lu Wang,2
Li-Bo Yang,2
Xiongbo Peng,2
Lars Alfredsson,2
Crispian Scully,2
Stefano Petti,2
Mark P Zwart,2
Hai-Yen Sung,2
Sally J Haw,2
Wei Liu,2
Julie Chastang,2
Nour Baïz,2
Jean Sébastien Cadwallader,2
Sarah Robert,2
John L Dywer,2
Denis André Charpin,2
Denis Caillaud,2
Frédéric de Blay,2
Chantal Raherison,2
François Lavaud,2
Isabella Annesi-Maesano,2
Ping Xu,2
Yong Wang,2
Ying-Erh Chou,2
Philippe Lacroix,2
Lis Ellison-Loschmann,2
Neil Pearce,2
Isabelle Romieu,2
Baizhan Li,2
Qin Yang,2
Wei Yu,2
Han Wang,2
Jun Lv,2
Cherry Wongtrakool,2
Kristina Crothers,2
Carole McArthur,2
Julie B Wang,2
Carla M R Varanda,2
Marco Machado,2
Paulo Martel,2
Gustavo Nolasco,2
Maria I E Clara,2
Maria R Félix,2
Atsushi Kasai,2
Takeo Harada,2
Dawn S Luthe,2
Nilanjan Roy,2
Anusha Ande,2
Dan Su,2
Michelle R Campbell,2
Devin K Porter,2
Brian D Bennett,2
Ma Wan,2
Neal A Englert,2
Christopher L Crowl,2
Kelly N Adamski,2
Zhiqing Huang,2
Susan K Murphy,2
Kjell Larsson,2
Ziwen Wang,2
Lizhong Wang,2
Qingmin Wang,2
Ping Wang,2
Sungshim L Park,2
Sharon E Murphy,2
Loïc Le Marchand,2
Christian C Abnet,2
Doil Choi,2
Jie Li,2
Yule Liu,2
Amy Hutchinson,2
Yvonne T van der Schouw,2
Idris Guessous,2
Esther Hafkamp-de Groen,2
Hein Raat,2
Emmanuel Gaquerel,2
Lynn Onstad,2
Brian J Reid,2
Thomas L Vaughan,2
Jack H Westwood,2
Alison G Smith,2
John P Carr,2
Karin Groten,2
Xiuhong Li,2
Lisa P Jacobson,2
José M Cuevas,2
Melissa Rotunno,2
Jay H Lubin,2
Lynn R Goldin,2
Sholom Wacholder,2
Nilanjan Chatterjee,2
Shannon G Matta,2
Burt M Sharp,2
Ichiro Kawachi,2
Shahid Mansoor,2
Avrum Spira,2
Rafael Meza,2
Henry E Wang,2
Nathan I Shapiro,2
Russell Griffin,2
Monika M Safford,2
Suzanne Judd,2
George Howard,2
Mattias Johansson,2
Angeline Andrew,2
Jonas Manjer,2
Chu Chen,2
John K Field,2
Kjell Grankvist,2
Lambertus A Kiemeney,2
Erik H F M van der Heijden,2
Stephen Lam,2
Philip Lazarus,2
Matthew B Schabath,2
Hongbing Shen,2
Adonina Tardon,2
M Dawn Teare,2
Ming-Sound Tsao,2
Xifeng Wu,2
Rayjean J Hung,2
Christopher I Amos,2
Julia Critchley,2
Neil Caporaso,2
Wong-Ho Chow,2
Dan Norbäck,2
Daniel Veit,2
Meredith C Schuman,2
David C Whiteman,2
Vidadi Yusibov,2
Mahteme Haile Workneh,2
Gunnar Aksel Bjune,2
Solomon Abebe Yimer,2
Silvia Canivell,2
Olivier Muller,2
Baris Gencer,2
Dik Heg,2
Roland Klingenberg,2
Lorenz Räber,2
Christian Matter,2
Thomas Lüscher,2
Stephan Windecker,2
François Mach,2
Nicolas Rodondi,2
David Nanchen,2
Akansha Singh,1
Laishram Ladusingh,1
Kolappan Chockalingam,1
Chandrasekaran Vedhachalam,1
Subramani Rangasamy,1
Gomathi Sekar,1
Srividya Adinarayanan,1
Soumya Swaminathan,1
Pradeep Aravindan Menon,1
Daniel S Morris,1
Michael A Tynan,1
Erika B Fulmer,1
Torsten B Neilands,1
Shanta R Dube,1
Nicole M Kuiper,1
Rene A Arrazola,1
Fan Wang,1
Pinpin Zheng,1
Dongyun Yang,1
Hua Fu,1
Thilo Grüning,1
Saritha Nair,1
Jean J Schensul,1
Shahina Begum,1
Cheryl Oncken,1
Sameena M Bilgi,1
Achhelal R Pasi,1
Balaiah Donta,1
Richard Barnes,1
Sharon Y Eubanks,1
Silvy Peeters,1
Mary E Thompson,1
A K M Ghulam Hussain,1
Joshua S Yang,1
Yue Xu,1
Shuiyang Xu,1
Qingqing Wu,1
Yujie Guo,1
Eve Nagler,1
Qiang Fu,1
Michael G Vaughn,1
Li-Tzy Wu,1
Andrew C Heath,1
Frank C Bandiera,1
Berhanu Anteneh,1
Thao Le,1
Kevin Delucchi,1
Joseph Guydish,1
Crystal E Tan,1
Ailsa J McKay,1
Raju K K Patel,1
Azeem Majeed,1
Emily Savell,1
Jayani Jayawardhana,1
W David Bradford,1
Walter Jones,1
Paul J Nietert,1
Gerard Silvestri,1
Lamberto Manzoli,1
Maria Elena Flacco,1
Maria Fiore,1
Carolina Marzuillo,1
Maria Rosaria Gualano,1
Giorgio Liguori,1
Giancarlo Cicolini,1
Lorenzo Capasso,1
Claudio D'Amario,1
Stefania Boccia,1
Roberta Siliquini,1
Walter Ricciardi,1
Paolo Villari,1
Krishna M Palipudi,1
Dhirendra N Sinha,1
Linda J Andes,1
Samira Asma,1
Tim McAfee,1
Coral E Gartner,1
Risako Shirane,1
Karin E Silver,1
Simon Williams,1
Douglas Eadie,1
Anne Marie MacKintosh,1
Susan Murray,1
Catherine Best,1
Jamie Pearce,1
Catherine Tisch,1
Winfried van der Sluijs,1
Amanda Amos,1
Andy MacGregor,1
Nkoli P Uguru,1
Chinyere Mbachu,1
Ogochukwu P Ibe,1
Chibuzo C Uguru,1
Oluwakemi Odukoya,1
Chinenye Okwuosa,1
Obinna Onwujekwe,1
Tim K Mackey,1
Bryan A Liang,1
Laurent Huber,1
Chris Bostic,1
Ivan Berlin,1
Jahn K Hakes,1
Mei-Chen Hu,1
Lirio S Covey,1
Frida Ngalesoni,1
George Ruhago,1
Mary Mayige,1
Tiago Cravo Oliveira,1
Bjarne Robberstad,1
Ole Frithjof Norheim,1
Hideki Higashi,1
Bankole K Oyewole,1
Victor J Animasahun,1
Helena J Chapman,1
Nathaniel Wander,1
Jennifer Fang,1
Xiao-Hui Teng,1
Ting Liu,1
Qiong Wang,1
Clayton Velicer,1
K Viswanath,1
Leland K Ackerson,1
Jesse Elias,1
Yogi Hale Hendlin,1
Jason M Fletcher,1
Elham Choaie,1
Leonie Brose,1
Omara Dogar,1
Aimee Grant,1
Elizabeth Jenkinson,1
Andy McEwen,1
Lion Shahab,1
John A Tauras,1
Brian King,1
S Rene Lavinghouze,1
Karla S Sneegas,1
Frank J Chaloupka,1
Zhu Zhang,1
Xiaolong Zheng,1
Daniel Dajun Zeng,1
Scott J Leischow,1
Ross Mackenzie,1
Meng Li,1
Xiao-Juan Li,1
Yun-Lin Su,1
Dionysis Spanopoulos,1
Elena Ratschen,1
John Britton,1
Bhawna Gupta,1
Newell W Johnson,1
Vinay Kumar,1
Gireesh Nadda,1
Sanjay Kumar,1
Asaf Bitton,1
Kyle R Gregory,1
Hannah M Baker,1
Chris Holden,1
James M Lightwood,1
Alexis Dinno,1
Theodore L Caputi,1
Eric Leas,1
Mark Dredze,1
Joanna E Cohen,1
John W Ayers,1
Rachel J Keith,1
Christopher Carruba,1
Natasha De Jarnett,1
John W McEvoy,1
Andrew P Defilippis,1
Ramsey S Lewis,1
Harry O Lopez,1
Steve W Bowen,1
Karen R Andres,1
William T Steede,1
Ralph E Dewey,1
Sarah E Hill,1
Mor Kandlik Eltanani,1
Evgeniya Plotnikova,1
Rob Ralston,1
Andrea Leinberger-Jabari,1
Abdullah Al Naeemi,1
Abdullah Al Junaibi,1
Eiman Al Zaabi,1
Naima Oumeziane,1
Marina Kazim,1
Fatima Al Maskari,1
Ayesha Al Dhaheri,1
Leila Abdel Wareth,1
Wael Al Mahmeed,1
Habiba Alsafar,1
Fatme Al Anouti,1
Abdishakur Abdulle,1
Claire K Inman,1
Aisha Al Hamiz,1
Muna Haji,1
Jiyoung Ahn,1
Tomas Kirchhoff,1
Richard B Hayes,1
Ravichandran Ramasamy,1
Ann Marie Schmidt,1
Omar El Shahawy,1
Michael Weitzman,1
Scott Sherman,1
Jo-Ann Kwass,1
Leann Wetherell,1
Marcia S Wertz,1
Suman Paranjape,1
Eric D Vugrin,1
Brian L Rostron,1
Stephen J Verzi,1
Nancy S Brodsky,1
Theresa J Brown,1
Conrad J Choiniere,1
Blair N Coleman,1
Antonio Paredes,1
Benjamin J Apelberg,1
Mohammad Nurul Azam,1
Mohammad Shahjahan,1
Mahbuba Yeasmin,1
Nasar U Ahmed,1
Hai-Qin Yan,1
Su-Hua Chang,1
Zhe-Xian Tian,1
Le Zhang,1
Yi-Cheng Sun,1
Jing Wang,1
Yi-Ping Wang,1
Nathan J Palpant,1
Peter Hofsteen,1
Lil Pabon,1
Hans Reinecke,1
Charles E Murry,1
João M Pedro,1
Miguel Brito,1
Henrique Barros,1
Bontle Mbongwe,1
Roy Tapera,1
Nthabiseng Phaladze,1
Andrew Lord,1
Nicola M Zetola,1
Hui Mo,1
Wen Sun,1
Yan Guo,1
Thomas N O Achia,1
Rana Charide,1
Reem Waziry,1
Andrea Darzi,1
Rami A Ballout,1
Elie A Akl,1
Jenny L Hatchard,1
Patrick Opiyo Owili,1
Miriam Adoyo Muga,1
Wen-Chi Pan,1
Hsien-Wen Kuo,1
Jin-Qi Zhu,1
Shumin Liu,1
Yao Ma,1
Jia-Qi Zhang,1
Hai-Sheng Qi,1
Zhao-Jun Wei,1
Qiong Yao,1
Wen-Qing Zhang,1
Sheng Li,1
Anna Gunnerbeck,1
Anna-Karin Edstedt Bonamy,1
Anna-Karin Wikström,1
Fredrik Granath,1
Ronny Wickström,1
Sven Cnattingius,1
Jose M Martínez-Sánchez,1
Marcela Fu,1
Silvano Gallus,1
Cristina Martínez,1
Xisca Sureda,1
Kishor Duwadi,1
Ling Chen,1
Rima Menassa,1
Sangeeta Dhaubhadel,1
Gregor John,1
Céline Louis,1
Amandine Berner,1
Daniel Genné,1
Cother Hajat,1
Benjamin W Chaffee,1
Elizabeth T Couch,1
Stuart A Gansky,1
Rachel Brathwaite,1
Juliet Addo,1
Liam Smeeth,1
Karen Lock,1
Matti Hakama,1
Monika Mahajan,1
Paramvir Singh Ahuja,1
Hongxiang Guo,1
Yunchao Kan,1
Weiqun Liu,1
Pan Liao,1
Hui Wang,1
Mingfu Wang,1
An-Shan Hsiao,1
Mee-Len Chye,1
Lori Dorfman,1
Andrew Cheyne,1
Lissy C Friedman,1
Asiya Wadud,1
Mark Gottlieb,1
Caitlin E Burklew,1
Jordan Ashlock,1
William B Winfrey,1
Baohong Zhang,1
Natalia Goldstein-Daruech,1
Emily K Cope,1
Ke-Qing Zhao,1
Katarina Vukovic,1
Jennifer M Kofonow,1
Laurel Doghramji,1
Bernardo González,1
Alexander G Chiu,1
David W Kennedy,1
James N Palmer,1
Jeffery G Leid,1
James L Kreindler,1
Noam A Cohen,1
David Levy,1
Liz Maria de Almeida,1
Helen Cheng,1
Adrian Furnham,1
Rachel Ann Barry,1
Le Li,1
Abdul Rashid,1
Azizah Ab Manan,1
Noorlia Yahya,1
Lailanor Ibrahim,1
Benjamin B Davis,1
Yi-Hsin Shen,1
Daniel J Tancredi,1
Vanessa Flores,1
Ryan P Davis,1
Kent E Pinkerton,1
Ko-Ko Zaw,1
Mya Ohnmar,1
Moh-Moh Hlaing,1
Yin-Thet-Nu Oo,1
Swe-Swe Win,1
Maung-Maung-Than Htike,1
Phyu-Phyu Aye,1
Sein Shwe,1
Moe-Thida Htwe,1
Zaw-Moe Thein,1
Mangmang Li,1
Ping Li,1
Rentao Song,1
Zhengkai Xu,1
Papia Sultana,1
Md Tahidur Rahman,1
Dulal Chandra Roy,1
Shamima Akter,1
Jenny Jung,1
Md Mizanur Rahman,1
Jahanara Akter,1
Samane Zare,1
Mehdi Nemati,1
Yuqing Zheng,1
Luiz Carlos Chagas,1
Yanhui Chen,1
Yangyang Han,1
Shan Zhou,1
Xiangzhu Kong,1
Gerrit van den Berg,1
Manon van Eijsden,1
Tanja G M Vrijkotte,1
Reinoud J B J Gemke,1
Justine Williamson,1
Christopher Proctor,1
Pernille A Grarup,1
Julie H Janner,1
Charlotte Suppli Ulrik,1
Mohammad Perwaiz Iqbal,1
Mohsin Yakub,1
Wayne Hall,1
Chris Doran,1
Guifeng Liu,1
Wenjie Wang,1
Huanzhen Liu,1
Yu Zhang,1
Ruixia Wang,1
Limin Miao,1
Longbiao Zhu,1
Hongbing Jiang,1
Hua Yuan,1
Padmavathy Amma Jayalekshmi,1
Paleth Gangadharan,1
Zhigang Wei,1
Zanshuang Qu,1
Lijie Zhang,1
Shuanjing Zhao,1
Zhihong Bi,1
Xiaohui Ji,1
Xiaowen Wang,1
Hairong Wei,1
Ashwin Kotnis,1
Junghyun Namkung,1
Sadhana Kannan,1
Nallala Jayakrupakar,1
Taesung Park,1
Rajiv Sarin,1
Rita Mulherkar,1
Pu Hu,1
Hui-Ling Li,1
Qian-Wen Luo,1
Gao-Ping Wang,1
John Tayu Lee,1
Crawford Moodie,1
Kathryn Angus,1
Linda Bauld,1
James Thomas,1
Gerard Hastings,1
Kate Hinds,1
Alison O'Mara-Eves,1
Irene Kwan,1
Richard I Purves,1
Stuart L Bryce,1
L Susan Wieland,1
Lainie Rutkow,1
S Swaroop Vedula,1
Christopher N Kaufmann,1
Lori M Rosman,1
Claire Twose,1
Nirosha Mahendraratnam,1
Kay Dickersin,1
Viviane Kovess,1
Daniel J Pilowsky,1
Anders Boyd,1
Ondine Pez,1
Adina Bitfoi,1
Mauro Carta,1
Ceyda Eke,1
Dietmar Golitz,1
Rowella Kuijpers,1
Sigita Lesinskiene,1
Zlatka Mihova,1
Roy Otten,1
Ezra Susser,1
Josef Shargorodsky,1
Iñaki Galán,1
Brie Cadman,1
Naphtali Offen,1
Sarah D Kowitt,1
Seth M Noar,1
Dale F McLerran,1
Betsy A Rolland,1
Zhenming Fu,1
Jiang He,1
Prakash Chandra Gupta,1
Kunnambath Ramadas,1
Fujiko Irie,1
Akiko Tamakoshi,1
Woon-Puay Koh,1
Kotaro Ozasa,1
Yoshikazu Nishino,1
Ichiro Tsuji,1
Hideo Tanaka,1
Yoon-Ok Ahn,1
Keun-Young Yoo,1
Wen-Harn Pan,1
Dongfeng Gu,1
Mangesh Suryakant Pednekar,1
Catherine Sauvaget,1
Norie Sawada,1
Toshimi Sairenchi,1
Gong Yang,1
Yong-Bing Xiang,1
Waka Ohishi,1
Masako Kakizaki,1
Takashi Watanabe,1
Isao Oze,1
San-Lin You,1
Yumi Sugawara,1
Lesley M Butler,1
Dong-Hyun Kim,1
Sue K Park,1
Shao-Yuan Chuang,1
Chen-Yang Shen,1
Eric J Grant,1
Jung Eun Lee,1
Rashmi Sinha,1
Keitaro Matsuo,1
Mark Thornquist,1
Ziding Feng,1
John D Potter,1
Gaoyi Cao,1
Shengxue Zhang,1
Xuewen Yang,1
Rongrong Chen,1
Yuwen Zhang,1
Jianhua Wang,1
Min Lin,1
Guoying Wang,1
Minh Thac Nguyen,1
Ryan Denniston,1
Hien Thi Thu Nguyen,1
Tuan Anh Hoang,1
Anthony D So,1
Philip Gendall,1
Janet Hoek,1
Richard Edwards,1
Yu-Rong Li,1
Wen-Xiu Ma,1
Yi-Zhou Che,1
Li-Fang Zou,1
Muhammad Zakria,1
Hua-Song Zou,1
Gong-You Chen,1
Eli-Anne Skaug,1
Bjarne Nes,1
Stian Thoresen Aspenes,1
Øyvind Ellingsen,1
Susheel Kumar,1
Puneet Singh Chauhan,1
Lalit Agrawal,1
Rashmi Raj,1
Ashish Srivastava,1
Swati Gupta,1
Shashank Kumar Mishra,1
Sumit Yadav,1
Poonam C Singh,1
Shri Krishna Raj,1
Chandra Shekhar Nautiyal,1
Eliane Volchan,1
Isabel A David,1
Gisella Tavares,1
Billy M Nascimento,1
Jose M Oliveira,1
Sonia Gleiser,1
Cristina Perez,1
Tania Cavalcante,1
Mirtes G Pereira,1
Leticia Oliveira,1
Allison J Lazard,1
KyungSu Kim,1
Tara L Queen,1
Aya Avishai,1
Marcella H Boynton,1
Paschal J Sheeran,1
Sze Hang Fu,1
Rajesh Dikshit,1
Dhirendra Sinha,1
Yong Cai,1
Rui Li,1
Jingfen Zhu,1
Li Na,1
Yaping He,1
Yun Qiao,1
Jin Ma,1
Dana S Mowls,1
D Robert McCaffree,1
Hsien-Ho Lin,1
Megan Murray,1
Olalekan A Ayo-Yusuf,1
Israel T Agaku,1
Eunseog Youn,1
Shan Xin,1
Chengcheng Tao,1
Rong Zheng,1
Sherry Emery,1
Eve M Nagler,1
Pratibha Pawar,1
Gregory R Wagner,1
Anil Seram,1
Kavita Sinha,1
Marine Hussain,1
Bijuli Rabha,1
Pradip Dey,1
Sabitri Ganguli,1
Monisha Nathchoudhury,1
Biswadeep Chaudhuri,1
Bishal Dhar,1
Jiajia Hou,1
Pingping Jiang,1
Shoumei Qi,1
Ke Zhang,1
Qiuxia He,1
Changzheng Xu,1
Zhaohua Ding,1
Kewei Zhang,1
Kunpeng Li,1
Xiayu Guan,1
Zhijian Li,1
Zhiliang Zhang,1
Xiangying Wei,1
Jiahua Xie,1
Jianjun Chen,1
Qingxi Chen,1
Jennifer Kahende,1
Lucinda England,1
Paul Mowery,1
Varadan Sevilimedu,1
Italia Rolle,1
Joydeep Banerjee,1
Robert L Houtz,1
Shuang Li,1
Lijuan Dai,1
Laure Tron,1
France Lert,1
Bruno Spire,1
Rosemary Dray-Spira,1
Biao Lai,1
Xiao-Jing Li,1
Bing Hu,1
Yong-Hua Qin,1
Xu-Ming Huang,1
Hui-Cong Wang,1
Gui-Bing Hu,1
Sigrid A Troelstra,1
Michiel R de Boer,1
Anna-Lena Bartsch,1
Martin Härter,1
Jasmin Niedrich,1
Anna Levke Brütt,1
Angela Buchholz,1
María T Gonzálvez,1
José P Espada,1
Mireia Orgilés,1
Daniel Soto,1
Steve Sussman,1
Stephen B Stanfill,1
Lisa M Keong,1
Clifford H Watson,1
Nizar Ahmad,1
Isabelle Boutron,1
Agnes Dechartres,1
Pierre Durieux,1
Philippe Ravaud,1
Fen Wu,1
Stephanie Segers,1
Maria Argos,1
Tariqul Islam,1
Alauddin Ahmed,1
Muhammad Rakibuz-Zaman,1
Rabiul Hasan,1
Golam Sarwar,1
Pepita Barlow,1
Ronald Labonte,1
Xiaomin Deng,1
Shuya Wei,1
Shiyi Zhou,1
Fan Zhang,1
Jiapeng Han,1
Lihong Chen,1
Yin Li,1
Jialu Feng,1
Bin Fang,1
Qingchen Luo,1
Shasha Li,1
Yunyi Liu,1
Alessandro Marcon,1
Giancarlo Pesce,1
Lucia Calciano,1
Valeria Bellisario,1
Shyamali C Dharmage,1
Judith Garcia-Aymerich,1
Thorarinn Gislasson,1
Joachim Heinrich,1
Mathias Holm,1
Deborah Jarvis,1
Bénédicte Leynaert,1
Melanie C Matheson,1
Pietro Pirina,1
Cecilie Svanes,1
Simona Villani,1
Torsten Zuberbier,1
Cosetta Minelli,1
Simone Accordini,1
R J Robinson,1
E C Hensel,1
A A Al-Olayan,1
J M Nonnemaker,1
Y O Lee,1
Nobukazu Shitan,1
Shota Minami,1
Masahiko Morita,1
Minaho Hayashida,1
Shingo Ito,1
Kojiro Takanashi,1
Hiroshi Omote,1
Yoshinori Moriyama,1
Akifumi Sugiyama,1
Alain Goossens,1
Masataka Moriyasu,1
Kazufumi Yazaki,1
Tesfa N Alexander,1
Xiaoquan Zhao,1
Janine C Delahanty,1
Anna J MacMonegle,1
Yang Xiang,1
Yun Hai Lu,1
Min Song,1
Yun Wang,1
Wenqi Xu,1
Lintao Wu,1
Hancheng Wang,1
Zhengqiang Ma,1
Haipeng Zhao,1
Xia Sun,1
Ming Xue,1
Xiao Zhang,1
Qingliang Li,1
Kelly L Kandra,1
Genane Loheswaran,1
Sophie Soklaridis,1
Peter Selby,1
Chad A Lerner,1
Isaac K Sundar,1
Hongwei Yao,1
Janice Gerloff,1
Deborah J Ossip,1
Scott McIntosh,1
Risa Robinson,1
Irfan Rahman,1
Chandrashekhar T Sreeramareddy,1
Pranil Man Singh Pradhan,1
Maya Vijayaraghavan,1
Tarik Benmarnhia,1
Martha M White,1
Jennie Kempster,1
Yuyan Shi,1
Dennis R Trinidad,1
Karen Messer,1
Ahmad Reza Hosseinpoor,1
Lucy Anne Parker,1
Edouard Tursan d'Espaignet,1
Somnath Chatterji,1
Amlan Das,1
Abhijit Bhattacharya,1
Subhendu Chakrabarty,1
Arnab Ganguli,1
Gopal Chakrabarti,1
Ayesha Cammaerts,1
LeAnn Wetherell,1
Rachel Kaufmann,1
Terry Pechacek,1
Andrew H Lloyd,1
Dong Wang,1
Jeremy N Timmis,1
Vengatesh Ganapathy,1
Jimmy Manyanga,1
Lacy Brame,1
Dehra McGuire,1
Balaji Sadhasivam,1
Evan Floyd,1
David A Rubenstein,1
Ilangovan Ramachandran,1
Theodore Wagener,1
Lurdes Queimado,1
Luis Figueroa-Yañez,1
Alejandro Pereira-Santana,1
Ana Arroyo-Herrera,1
Ulises Rodriguez-Corona,1
Felipe Sanchez-Teyer,1
Jorge Espadas-Alcocer,1
Francisco Espadas-Gil,1
Felipe Barredo-Pool,1
Enrique Castaño,1
Luis Carlos Rodriguez-Zapata,1
Marta Wrześniak,1
Marta Kepinska,1
Małgorzata Królik,1
Halina Milnerowicz,1
Zohaib Khan,1
Steffen Dreger,1
Syed Majid Hussain Shah,1
Hermann Pohlabeln,1
Sheraz Khan,1
Zakir Ullah,1
Basheer Rehman,1
Hajo Zeeb,1
Antoine Bénard,1
Ahmadou Alioum,1
Estibaliz Lazaro,1
Michel Dupon,1
Mohammad Alamgir Kabir,1
Kim-Leng Goh,1
Sunny Mohammad Mostafa Kamal,1
Md Mobarak Hossain Khan,1
Cheng Huang,1
Jeffrey Koplan,1
Shaohua Yu,1
Changwei Li,1
Chaoran Guo,1
Jing Liu,1
Hui Li,1
Michelle Kegler,1
Michael Eriksen,1
Akihiro Nishio,1
Junko Saito,1
Sachi Tomokawa,1
Jun Kobayashi,1
Yuka Makino,1
Takeshi Akiyama,1
Kimihiro Miyake,1
Mayumi Yamamoto,1
Malavika Subramanyam,1
Patrick Richard,1
Kristina West,1
Leighton Ku,1
Qian Xu,1
Xiao Xu,1
Yang Shi,1
Jichen Xu,1
Bingru Huang,1
Husham J Abd Al-Badri,1
Muna Atallah Khaleefah Ali,1
Ali Abdlkader Ali,1
Abbas Jabbar Sahib,1
Carmen Jan,1
Marcos Lee,1
Reina Roa,1
Víctor Herrera,1
Michael Politis,1
Jorge Motta,1
Karin Vitzthum,1
Cristian Scutaru,1
Lindy Musial-Bright,1
David Quarcoo,1
Tobias Welte,1
Michael Spallek,1
Beatrix Groneberg-Kloft,1
Chengyun Li,1
Xiahong He,1
Shusheng Zhu,1
Huiping Zhou,1
Yunyue Wang,1
Jing Yang,1
Jinxiang Fan,1
Jincheng Yang,1
Guibin Wang,1
Yunfu Long,1
Jiayou Xu,1
Yongsheng Tang,1
Gaohui Zhao,1
Jianrong Yang,1
Lin Liu,1
Yan Sun,1
Yong Xie,1
Haining Wang,1
Youyong Zhu,1
Monica Perez-Rios,1
Esteve Fernandez,1
Anna Schiaffino,1
Maria Jose Lopez,1
Yingtian Deng,1
Jubin Wang,1
Jeffrey Tung,1
Dan Liu,1
Yingjia Zhou,1
Shuang He,1
Yunlian Du,1
Barbara Baker,1
Feng Li,1
Shady Elmasry,1
Shihab Asfour,1
Juan Pablo de Rivero Vaccari,1
Francesco Travascio,1
Sally V Taylor,1
Hannah J Burrack,1
R Michael Roe,1
Jack S Bacheler,1
Clyde E Sorenson,1
Chia-Fong Wei,1
Shih-Tien Hsu,1
Wen-Ling Deng,1
Yu-Der Wen,1
Hsiou-Chen Huang,1
Thomas G Land,1
Thad Schilling,1
Wenjun Li,1
Valentin Flaudias,1
Marie Christine Picot,1
Jorge Lopez-Castroman,1
Pierre-Michel Llorca,1
Audrey Schmitt,1
Jean Perriot,1
Vera Georgescu,1
Philippe Courtet,1
Xavier Quantin,1
Sébastien Guillaume,1
Niaz Ahmad,1
Franck Michoux,1
Peter J Nixon,1
Qing-Lin Liu,1
Ke-Dong Xu,1
Ming Zhong,1
Yuan-Zhi Pan,1
Bei-Bei Jiang,1
Guang-Li Liu,1
Yin Jia,1
J M Vonk,1
S Scholtens,1
D S Postma,1
M F Moffatt,1
D Jarvis,1
A Ramasamy,1
M Wjst,1
E R Omenaas,1
E Bouzigon,1
F Demenais,1
R Nadif,1
V Siroux,1
A V Polonikov,1
M Solodilova,1
V P Ivanov,1
I Curjuric,1
M Imboden,1
A Kumar,1
N Probst-Hensch,1
L M Ogorodova,1
V P Puzyrev,1
E Yu Bragina,1
M B Freidin,1
I M Nolte,1
A M Farrall,1
W O C M Cookson,1
D P Strachan,1
G H Koppelman,1
H M Boezen,1
Ji-Yin He,1
Shih-Heng Chen,1
Tsu-Min Tsai,1
Yan Yan,1
Xiaowan Hou,1
Yanzhen He,1
Yunxie Wei,1
Ming Peng,1
Ágnes Szatmári,1
Ágnes Zvara,1
Ágnes M Móricz,1
Eszter Besenyei,1
Erika Szabó,1
Péter G Ott,1
László G Puskás,1
Zoltán Bozsó,1
Pinaki Mondal,1
Sayantan Datta,1
Guru Prasad Maiti,1
Aradhita Baral,1
Ganga Nath Jha,1
Shantanu Chowdhury,1
Saurabh Ghosh,1
Yan-Guo Sun,1
Bo Wang,1
Shang-Hui Jin,1
Xiao-Xia Qu,1
Yan-Jie Li,1
Bing-Kai Hou,1
Lian Xu,1
Kashif Rafiq Zahid,1
Liangrong He,1
Wenwen Zhang,1
Xin He,1
Xianlong Zhang,1
Xiyan Yang,1
Longfu Zhu,1
Antonia Kolokythas,1
Yalu Zhou,1
Joel L Schwartz,1
Guy R Adami,1
Qinlong Zhu,1
Shunzhao Sui,1
Xinghua Lei,1
Zhongfang Yang,1
Kun Lu,1
Guangde Liu,1
Yao-Guang Liu,1
Mingyang Li,1
Jose Luis Ortega,1
Wathsala Rajapakse,1
Suman Bagga,1
Kimberly Apodaca,1
Yvonne Lucero,1
Champa Sengupta-Gopalan,1
Jennifer Cantrell,1
Donna M Vallone,1
James F Thrasher,1
Rebekah H Nagler,1
Shari P Feirman,1
Larry R Muenz,1
David Y He,1
Mira A Patel,1
David J Mener,1
Yuri Agrawal,1
John J Burke,1
Pasquale Caponnetto,1
Davide Campagna,1
Fabio Cibella,1
Jaymin B Morjaria,1
Massimo Caruso,1
Cristina Russo,1
Riccardo Polosa,1
Hang Thi Minh Lai,1
Shinkan Tokudome,1
Hoc Hieu Tran,1
Long Thanh Tran,1
Ngoan Tran Le,1
Min Zhang,1
Shengke Tian,1
Lingli Lu,1
M J I Shohag,1
Xiaoe Yang,1
Lee D Ellis,1
Evelyn C Soo,1
John C Achenbach,1
Michael G Morash,1
Kelly H Soanes,1
Andrea Guerrero-Cignarella,1
Landy V Luna Diaz,1
Kira Balestrini,1
Gregory Holt,1
Rafael Calderon-Candelario,1
Philip Whitney,1
Matthias Salathe,1
Michael A Campos,1
Shu-Mei Zhou,1
Xiang-Zhu Kong,1
Han-Han Kang,1
Xiu-Dong Sun,1
Yuan Yuan,1
Chong Wu,1
Jian Yang,1
Luqi Huang,1
Xinyu Tang,1
Todd G Nick,1
Mario A Cleves,1
Stephen W Erickson,1
Jingyun Li,1
Stewart L MacLeod,1
Charlotte A Hobbs,1
M P Tavolacci,1
J Delay,1
S Grigioni,1
P Déchelotte,1
J Ladner,1
Priya Saikumar Lakshmi,1
Xiangdong Yang,1
Bethany Lloyd,1
Venkategowda Ramegowda,1
Muthappa Senthil-Kumar,1
Karaba N Nataraja,1
Malireddy K Reddy,1
Kirankumar S Mysore,1
Makarla Udayakumar,1
Lin Xu,1
Chao Qiang Jiang,1
Wei Sen Zhang,1
Feng Zhu,1
Ya Li Jin,1
G Neil Thomas,1
Kar Keung Cheng,1
Swarnalee Dutta,1
T Swaroopa Rani,1
Appa Rao Podile,1
Lauren M Dutra,1
Nadra E Lisha,1
Anna V Song,1
Muhammad Aziz Rahman,1
Nicola Spurrier,1
Mohammad Afzal Mahmood,1
Mahmudur Rahman,1
Sohel Reza Choudhury,1
Stephen Leeder,1
Balaji Jada,1
Arto J Soitamo,1
Shahid Aslam Siddiqui,1
Gayatri Murukesan,1
Eva-Mari Aro,1
Tapio Salakoski,1
Kirsi Lehto,1
Francesco Bogliacino,1
Cristiano Codagnone,1
Giuseppe Alessandro Veltri,1
Amitav Chakravarti,1
Pietro Ortoleva,1
George Gaskell,1
Andriy Ivchenko,1
Francisco Lupiáñez-Villanueva,1
Francesco Mureddu,1
Caroline Rudisill,1
Maia Szalavitz,1
Liangyu Jiang,1
Junjiang Wu,1
Sujie Fan,1
Wenbin Li,1
Lidong Dong,1
Qun Cheng,1
Pengfei Xu,1
Shuzhen Zhang,1
Amanda Fitzgerald,1
Naoise Mac Giollabhui,1
Louise Dolphin,1
Robert Whelan,1
Barbara Dooley,1
Sunil Kumar Thalor,1
Thomas Berberich,1
Sung Shin Lee,1
Seung Hwan Yang,1
Xujun Zhu,1
Ryozo Imai,1
Yoshihiro Takahashi,1
Tomonobu Kusano,1
Lukasz Antoniewicz,1
Mirza Novo,1
Jenny Bosson,1
Magnus Lundbäck,1
Francesca Scalici,1
Peter J Schulz,1
Henrik Nausch,1
Heike Mikschofsky,1
Roswitha Koslowski,1
Udo Meyer,1
Inge Broer,1
Jana Huckauf,1
Rajeshwar N Sharan,1
Ravi Mehrotra,1
Yashmin Choudhury,1
Kamlesh Asotra,1
Prachy Dixit,1
Prasun K Mukherjee,1
V Ramachandran,1
Susan Eapen,1
Jennifer M Yeh,1
Chin Hur,1
Deb Schrag,1
Karen M Kuntz,1
Natasha Stout,1
Zachary Ward,1
Sue J Goldie,1
Julia Bally,1
Claudette Job,1
Maya Belghazi,1
Dominique Job,1
Juan Pablo Muñoz,1
Carolina González,1
Bárbara Parra,1
Maria Lina Tornesello,1
Yoshito Eizuru,1
Wenxian Wu,1
Zhiwei Cheng,1
Mengjie Liu,1
Xiufen Yang,1
Kai Wu,1
Zhiying Fang,1
Rong Guo,1
Bin Pan,1
Wen Shi,1
Saifei Yuan,1
Huilin Guan,1
Ming Gong,1
Biao Shen,1
Qirong Shen,1
Qing Wang,1
Jay J Shen,1
Michelle Sotero,1
Casey A Li,1
Zhiyuan Hou,1
Louisa Degenhardt,1
Wai-Tat Chiu,1
Nancy Sampson,1
Ronald C Kessler,1
James C Anthony,1
Matthias Angermeyer,1
Ronny Bruffaerts,1
Giovanni de Girolamo,1
Oye Gureje,1
Yueqin Huang,1
Aimee Karam,1
Stanislav Kostyuchenko,1
Jean Pierre Lepine,1
Maria Elena Medina Mora,1
Yehuda Neumark,1
J Hans Ormel,1
Alejandra Pinto-Meza,1
José Posada-Villa,1
Dan J Stein,1
Tadashi Takeshima,1
J Elisabeth Wells,1
Min Jiu,1
Xue-Ping Zhou,1
Lin Tong,1
Jing Xu,1
Xiao Yang,1
Jason A Stamm,1
Elizabeth A Belloli,1
Yingze Zhang,1
Jessica Bon,1
Frank C Sciurba,1
Mark T Gladwin,1
Frida Björkman,1
Fredrik Edin,1
C Mikael Mattsson,1
Filip Larsen,1
Björn Ekblom,1
Nicholas J Birkett,1
Hassen Mamo,1
Rupesh Kumar,1
Avdhesh Kumar Rai,1
Debabrata Das,1
Rajjyoti Das,1
R Suresh Kumar,1
Anupam Sarma,1
Shashi Sharma,1
Amal Chandra Kataki,1
Anand Ramteke,1
Tian-Xiang Hu,1
Miao Yu,1
Jie Zhao,1
Robert P van Waateringe,1
Marjonneke J Mook-Kanamori,1
Reindert Graaff,1
Helen L Lutgers,1
Karsten Suhre,1
Mohammed M El-Din Selim,1
Dennis O Mook-Kanamori,1
Sol Pía Juárez,1
Juan Merlo,1
Liza Bronner Murrison,1
Neil Martinson,1
Rachael M Moloney,1
Regina Msandiwa,1
Mondiwana Mashabela,1
Jonathan M Samet,1
Jonathan E Golub,1
Deqiang Tai,1
Ji Tian,1
Tingting Song,1
Yuncong Yao,1
Xue-Qin Liu,1
Chang-Ying Liu,1
Qing Guo,1
Bo-Ning Cao,1
Zhong-Huai Xiang,1
Ai-Chun Zhao,1
Nelson Peña,1
Diego Carrillo,1
Juan P Muñoz,1
Jonás Chnaiderman,1
Ulises Urzúa,1
Oscar León,1
Maria L Tornesello,1
Ricardo Soto-Rifo,1
Heng Pu,1
Jiang Li,1
Dawei Li,1
Chenggui Han,1
Jialin Yu,1
Nienke Lichthart,1
Margot I Witvliet,1
Wim B Busschers,1
Karien Stronks,1
Yajing Guan,1
Jianchen Wang,1
Yixin Tian,1
Weimin Hu,1
Liwei Zhu,1
Shuijin Zhu,1
Jin Hu,1
Vasundhra Bahl,1
Suzaynn F Schick,1
Beatriz Orosa,1
Qin He,1
Joelle Mesmar,1
Eleanor M Gilroy,1
Hazel McLellan,1
Chengwei Yang,1
Adam Craig,1
Mark Bailey,1
Cunjin Zhang,1
Jonathan David Moore,1
Petra C Boevink,1
Zhendong Tian,1
Paul R J Birch,1
Ari Sadanandom,1
Ed Stover,1
Zhong Chen,1
Daniel R Gallie,1
Lei Han,1
Ya-Nan Han,1
Takamitsu Kurusu,1
Katsunori Saito,1
Sonoko Horikoshi,1
Shigeru Hanamata,1
Juntaro Negi,1
Chikako Yagi,1
Nobutaka Kitahata,1
Koh Iba,1
Kazuyuki Kuchitsu,1
Pankaj Agrawal,1
Jost B Jonas,1
Vinay Nangia,1
Marcella Rietschel,1
Torsten Paul,1
Prakash Behere,1
Songhomitra Panda-Jonas,1
Natalia B Ivleva,1
Jeanna Groat,1
Jeffrey M Staub,1
Michael Stephens,1
Deepak Kumar,1
Sunita Patro,1
Rajiv Ranjan,1
Dipak K Sahoo,1
Indu B Maiti,1
Kurt M Ribisl,1
Rebecca S Williams,1
Ziya Gizlice,1
Amy H Herring,1
Milada Čovanová,1
Michael Sauer,1
Jan Rychtář,1
Jiří Friml,1
Jan Petrášek,1
Eva Zažímalová,1
Narendra Tuteja,1
Mst Sufara Akhter Banu,1
Kazi Md Kamrul Huda,1
Sarvajeet Singh Gill,1
Parul Jain,1
Xuan Hoi Pham,1
Renu Tuteja,1
Poornima Devi Gurusamy,1
Holger Schäfer,1
Siva Ramamoorthy,1
Michael Wink,1
Shan Chen,1
Felicia Trachtenberg,1
Slawa Rokicki,1
Shoko Ueki,1
Roman Spektor,1
Danielle M Natale,1
Vitaly Citovsky,1
Hongyan Guo,1
Xiaoguang Song,1
Guiling Wang,1
Kun Yang,1
Yu Wang,1
Libo Niu,1
Xiaoying Chen,1
Rongxiang Fang,1
Man Zhang,1
Jianyu Liu,1
Kai Li,1
Deyue Yu,1
Yayi Tu,1
Zhenqian Zhang,1
Daofeng Li,1
Heng Li,1
Jiangli Dong,1
Bruno César Feltes,1
Joice de Faria Poloni,1
Daniel Luis Notari,1
Diego Bonatto,1
Mirta Tkalec,1
Petra Peharec Stefanić,1
Petra Cvjetko,1
Sandra Sikić,1
Mirjana Pavlica,1
Biljana Balen,1
Yue Liu,1
Xiaoyun Zhou,1
Xiaohui Xiong,1
Chuyang Lv,1
Xiang Zhou,1
Kei-ichiro Mishiba,1
Satoshi Yamasaki,1
Takashi Nakatsuka,1
Yoshiko Abe,1
Hiroyuki Daimon,1
Masayuki Oda,1
Heba J Sabbagh,1
Mona Hassan Ahmed Hassan,1
Nicola P T Innes,1
Heba M Elkodary,1
Julian Little,1
Peter A Mossey,1
Ravilla D Ravindran,1
Praveen Vashist,1
Sanjeev K Gupta,1
Ian S Young,1
Giovanni Maraini,1
Monica Camparini,1
R Jayanthi,1
Neena John,1
Kathryn E Fitzpatrick,1
Usha Chakravarthy,1
Thulasiraj D Ravilla,1
Astrid E Fletcher,1
Grace Xiao-Yun Lim,1
Patrizio Castagnola,1
Sergio Gandolfo,1
Davide Malacarne,1
Cinzia Aiello,1
Roberto Marino,1
Gabriele Zoppoli,1
Alberto Ballestrero,1
Walter Giaretti,1
Monica Pentenero,1
Junjie Du,1
Xiaopeng Mu,1
Pengfei Wang,1
Wei Huang,1
Joseph R DiFranza,1
David N Kennedy,1
Nanyin Zhang,1
Douglas Ziedonis,1
Sanouri Ursprung,1
Jean A King,1
Guillaume Airagnes,1
Cédric Lemogne,1
Nicolas Hoertel,1
Yves Roquelaure,1
Frédéric Limosin,1
Wu Chen,1
Yunsheng Wang,1
Kun Luo,1
Yue Li,1
Lianyang Bai,1
Feng Luo,1
Zainul A Khan,1
Malik Z Abdin,1
Jawaid A Khan,1
Maryam Zahin,1
Joongho Joh,1
Sujita Khanal,1
Adam Husk,1
Hugh Mason,1
Shin-Je Ghim,1
Donald M Miller,1
Alfred Bennett Jenson,1
Christina Herland Fløtre,1
Kristin Varsi,1
Thea Helm,1
Bjørn Bolann,1
Anne-Lise Bjørke-Monsen,1
Muzafar A Macha,1
Ajay Matta,1
Shyam Singh Chauhan,1
K W Michael Siu,1
Ranju Ralhan,1
Michael Andrew Yu,1
Alan Kiang,1
Jessica Wang-Rodriguez,1
Elham Rahimy,1
Martin Haas,1
Vicky Yu,1
Lesley G Ellies,1
Jing Chen,1
Jian-Bing Fan,1
Kevin T Brumund,1
Robert A Weisman,1
Weg M Ongkeko,1
Anna Villar-Piqué,1
Raimon Sabaté,1
Oriol Lopera,1
Jordi Gibert,1
Josep Maria Torne,1
Mireya Santos,1
Salvador Ventura,1
Kevin Begcy,1
Eduardo D Mariano,1
Lucia Mattiello,1
Alessandra V Nunes,1
Paulo Mazzafera,1
Marcelo Menossi,1
Scott R Weaver,1
Terry F Pechacek,1
John Wesley Heath,1
David L Ashley,1
Michael P Eriksen,1
Nathaniel Holcomb,1
Mamta Goswami,1
Sung Gu Han,1
Samuel Clark,1
David K Orren,1
C Gary Gairola,1
Isabel Mellon,1
Jacques Philip,1
Tove K Ryman,1
Scarlett E Hopkins,1
Diane M O'Brien,1
Andrea Bersamin,1
Jeremy Pomeroy,1
Kenneth E Thummel,1
Melissa A Austin,1
Bert B Boyer,1
Kirk Dombrowski,1
Neus Altet,1
Irene Latorre,1
María Ángeles Jiménez-Fuentes,1
José Maldonado,1
Israel Molina,1
Yoel González-Díaz,1
Celia Milà,1
Esther García-García,1
Beatriz Muriel,1
Raquel Villar-Hernández,1
Maisem Laabei,1
Andromeda-Celeste Gómez,1
Pere Godoy,1
Maria Luiza de Souza-Galvão,1
Segismundo Solano,1
Carlos A Jiménez-Ruiz,1
Jose Domínguez,1
Wilma J Nusselder,1
Hendriek C Boshuizen,1
Stefan K Lhachimi,1
Paolo Baili,1
H A Smit,1
Jie Lu,1
Zhi-Xin Du,1
Jun Kong,1
Ling-Na Chen,1
Yan-Hong Qiu,1
Gui-Fen Li,1
Xiao-Hua Meng,1
Shui-Fang Zhu,1
Jae Jeong Yang,1
Minkyo Song,1
Hyung-Suk Yoon,1
Hwi-Won Lee,1
Yunhee Lee,1
Sang-Ah Lee,1
Ji-Yeob Choi,1
Jong-Koo Lee,1
James E McGuffey,1
Binnian Wei,1
John T Bernert,1
John C Morrow,1
Baoyun Xia,1
Lanqing Wang,1
Benjamin C Blount,1
Manuela Martins-Green,1
Michael Frankos,1
Mathew Valdez,1
Benjamin Goodwin,1
Julia Lyubovitsky,1
Sandeep Dhall,1
Monika Garcia,1
Ivie Egiebor,1
Bethanne Martinez,1
Harry W Green,1
Lisa Yu,1
Sandy Liles,1
Georg Matt,1
Hugo Destaillats,1
Mohammed Sleiman,1
Laura A Gundel,1
Neal Benowitz,1
Melbourne Hovell,1
Margarita Curras-Collazo,1
Gemma Elizabeth Derrick,1
Abby Haynes,1
Natalia Piotrzkowski,1
Stefan Rasche,1
Malcolm G Semple,1
David C Taylor-Robinson,1
Steven Lane,1
Rosalind L Smyth,1
Yan Huang,1
Jiqing Gou,1
Zhichun Jia,1
Li Yang,1
Yimin Sun,1
Xunyan Xiao,1
Feng Song,1
Tzu-Hua Chen,1
Joh-Jong Huang,1
Yu-Tsz Chang,1
Hung-Yi Chuang,1
Prakash C Deedwania,1
Krishnakumar Sharma,1
Arvind Gupta,1
Soneil Guptha,1
Vijay Achari,1
Arthur J Asirvatham,1
Anil Bhansali,1
Balkishan Gupta,1
Sunil Gupta,1
Mallikarjuna V Jali,1
Tulika G Mahanta,1
Anuj Maheshwari,1
Banshi Saboo,1
Jitendra Singh,1
Rajiv Gupta,1
Jürgen Rehm,1
Ann C Smigocki,1
Snezana Ivic-Haymes,1
Haiyan Li,1
Jelena Savić,1
Naoki Kishimoto,1
Jun-ichi Nagai,1
Takehito Kinoshita,1
Keiichiro Ueno,1
Yuko Ohashi,1
Ichiro Mitsuhara,1
Juhi Bagaitkar,1
Donald R Demuth,1
Carlo Amorin Daep,1
Diane E Renaud,1
Deanne L Pierce,1
David A Scott,1
Miguel Santibáñez,1
Estefanía Aguirre,1
Sofía Belda,1
Nuria Aragones,1
Jesús Saez,1
Juan Carlos Rodríguez,1
Antonio Galiana,1
Javier Sola-Vera,1
Montserrat Ruiz-García,1
María Paz-Zulueta,1
Raquel Sarabia-Lavín,1
Alicia Brotons,1
Elena López-Girona,1
Estefanía Pérez,1
Carlos Sillero,1
Gloria Royo,1
Tomoko Mitsunami,1
Kabir Md Alamgir,1
Yuko Hojo,1
Kohei Fujita,1
Nobuhiro Sasaki,1
Keichiro Nemoto,1
Laura A Colangelo,1
L Keoki Williams,1
Saunak Sen,1
Stephen B Kritchevsky,1
Bernd Meibohm,1
Joshua Galanter,1
Donglei Hu,1
Christopher R Gignoux,1
Yongmei Liu,1
Tamara B Harris,1
Elad Ziv,1
Joseph Zmuda,1
Melissa Garcia,1
Tennille S Leak,1
Marilyn G Foreman,1
Lewis J Smith,1
Myriam Fornage,1
Kiang Liu,1
Esteban G Burchard,1
Jennifer J Ware,1
Jonathan Flint,1
Peter Rzehak,1
Richard Saffery,1
Eva Reischl,1
Marcela Covic,1
Simone Wahl,1
Veit Grote,1
Annick Xhonneux,1
Jean-Paul Langhendries,1
Natalia Ferre,1
Ricardo Closa-Monasterolo,1
Elvira Verduci,1
Enrica Riva,1
Piotr Socha,1
Dariusz Gruszfeld,1
Berthold Koletzko,1
Joachim Marti,1
Jody Sindelar,1
Fanny Balique,1
Philippe Colson,1
Abdoulaye Oury Barry,1
Claude Nappez,1
Audrey Ferretti,1
Khatoun Al Moussawi,1
Tatsiana Ngounga,1
Hubert Lepidi,1
Eric Ghigo,1
Jean-Louis Mege,1
Hervé Lecoq,1
Lorraine V Craig,1
Gera E Nagelhout,1
Megan K Tait,1
Ryan David Kennedy,1
Christian Boudreau,1
Antoine Deutsch,1
Denis V Pozdyshev,1
Chen Liu,1
Xin Qi,1
Qian Zhao,1
Jessica L Barrington-Trimis,1
Susan Searles Nielsen,1
Susan Preston-Martin,1
W James Gauderman,1
Elizabeth A Holly,1
Federico M Farin,1
Beth A Mueller,1
Roberta McKean-Cowdin,1
Nosayaba Osazuwa-Peters,1
Eric Adjei Boakye,1
Adnan S Hussaini,1
Nanthiya Sujijantarat,1
Rajan N Ganesh,1
Matthew Snider,1
Devin Thompson,1
Mark A Varvares,1
Huili Li,1
Kebo Xie,1
Haiyan Huang,1
Shuning Wang,1
Gary J Tedeschi,1
Sharon E Cummins,1
Christopher M Anderson,1
Robert M Anthenelli,1
Yue-Lin Zhuang,1
Shu-Hong Zhu,1
Kevin C Davis,1
Kian Kamyab,1
Alexis D Henry,1
John Gettens,1
Judith A Savageau,1
Doris Cullen,1
Anna Landau,1
Peggy S Lai,1
Oliver Hofmann,1
Rebecca M Baron,1
Manuela Cernadas,1
Quanxin Ryan Meng,1
Herbert S Bresler,1
David M Brass,1
Ivana V Yang,1
David A Schwartz,1
Winston Hide,1
Nayu Ikeda,1
Hiroyasu Iso,1
Shunya Ikeda,1
Toshihiko Satoh,1
Mitsuhiko Noda,1
Hironori Imano,1
Eiko Saito,1
Kota Katanoda,1
Tomotaka Sobue,1
Mohsen Naghavi,1
Kenji Shibuya,1
Yi-Hsien Hsieh,1
Chih-Hsin Tang,1
Immaculada Llop-Tous,1
Miriam Ortiz,1
Margarita Torrent,1
M Dolors Ludevid,1
Thiago S Torres,1
Paula M Luz,1
Monica Derrico,1
Eduarda Grinsztejn,1
Valdiléa G Veloso,1
Sandra W Cardoso,1
Marília Santini-Oliveira,1
Raquel Brandini De Boni,1
Andrew McAuley,1
Cheryl Denny,1
Martin Taulbut,1
Rory Mitchell,1
Colin Fischbacher,1
Barbara Graham,1
Ian Grant,1
Paul O'Hagan,1
David McAllister,1
Gerry McCartney,1
Maria J López,1
Giuseppe Gorini,1
Hanns Moshammer,1
Kinga Polanska,1
Bertrand Dautzenberg,1
Agnes Delrieu,1
Giovanni Invernizzi,1
Glòria Muñoz,1
Jose Precioso,1
Ario Ruprecht,1
Peter Stansty,1
Wojciech Hanke,1
Meghan E Morean,1
Ellyn R Butler,1
Krysten W Bold,1
Grace Kong,1
Deepa R Camenga,1
Dana A Cavallo,1
Patricia Simon,1
Stephanie S O'Malley,1
Suchitra Krishnan-Sarin,1
Jian-Bing Wang,1
Hao Liang,1
Hui-Juan Xiao,1
Wen-Qiang Wei,1
Nan Jiang,1
MariaElena Gonzalez,1
Rizwan Kalani,1
Eric M Liotta,1
Shyam Prabhakaran,1
Xiao-Yang Wang,1
Sandra M Jensen-Taubman,1
Kathleen M Keefe,1
Danlei Yang,1
R Ilona Linnoila,1
Martin Tibuakuu,1
Daisuke Kamimura,1
Sina Kianoush,1
Andrew P DeFilippis,1
Lindsay M Reynolds,1
Wendy B White,1
Kenneth R Butler,1
Thomas H Mosley,1
Stephen T Turner,1
Iftikhar J Kullo,1
Michael E Hall,1
Patrick Ip,1
Tai-Hing Lam,1
Sophia Siu-Chee Chan,1
Frederick Ka-Wing Ho,1
Lewis A Lo,1
Ivy Wing-Sze Chiu,1
Wilfred Hing-Sang Wong,1
Chun-Bong Chow,1
Peter Muelken,1
Clare E Schmidt,1
David Shelley,1
Laura Tally,1
Andrew C Harris,1
Margot A Cousin,1
Jon O Ebbert,1
Amanda R Wiinamaki,1
Mark D Urban,1
David P Argue,1
Stephen C Ekker,1
Eric W Klee,1
Yih-Shou Hsieh,1
Chun-Wen Su,1
Lin-Hung Wei,1
Eduardo José Peña,1
Inmaculada Ferriol,1
Adrián Sambade,1
Henrik Buschmann,1
Annette Niehl,1
Luis Rubio,1
Allison A Appleton,1
David A Armstrong,1
Corina Lesseur,1
Joyce Lee,1
James F Padbury,1
Barry M Lester,1
Carmen J Marsit,1
Rebecca Davis,1
Wasia Rizwani,1
Sarmistha Banerjee,1
Michelle Kovacs,1
Eric Haura,1
Domenico Coppola,1
Karim Aghcheli,1
Haji-Amin Marjani,1
Masoud Sotoudeh,1
Behnoush Abedi-Ardekani,1
Mohammad-Reza Ghavamnasiri,1
Ezzatollah Razaei,1
Elias Khalilipour,1
Samira Mohtashami,1
Yasha Makhdoomi,1
Rabea Rajabzadeh,1
Shahin Merat,1
Rasoul Sotoudehmanesh,1
Shahryar Semnani,1
Linda Hancock,1
Natalie Ralph,1
Florentine Petronella Martino,1
Chunhua Wei,1
Jiongjiong Chen,1
Hanhui Kuang,1
Hanako Shimura,1
Vitantonio Pantaleo,1
Takeaki Ishihara,1
Nobutoshi Myojo,1
Jun-ichi Inaba,1
Kae Sueda,1
József Burgyán,1
Chikara Masuta,1
Junya Fujimoto,1
Humam Kadara,1
Taoyan Men,1
Carolyn van Pelt,1
Dafna Lotan,1
Reuben Lotan,1
Colin D Mathers,1
Dejan Loncar,1
Brenda Y Hernandez,1
Xuemei Zhu,1
Marc T Goodman,1
Robert Gatewood,1
Paul Mendiola,1
Katrina Quinata,1
Yvette C Paulino,1
Wenyue Sun,1
Steven S Chang,1
Yumei Fu,1
Joseph A Califano,1
Mengling Wen,1
Yuan Gao,1
Lijun Wang,1
Lingyu Ran,1
Jiahui Li,1
Atsushi Muroi,1
Abdelaziz Ramadan,1
Masaki Yamamoto,1
Rika Ozawa,1
Junji Takabayashi,1
Mengxiang Sun,1
Xiu-ling Yang,1
Lu Cheng,1
Xue-ping Zhou,1
Katriina Heikkilä,1
Solja T Nyberg,1
Eleonor I Fransson,1
Dirk De Bacquer,1
Jakob B Bjorner,1
Sébastien Bonenfant,1
Marianne Borritz,1
Hermann Burr,1
Els Clays,1
Annalisa Casini,1
Nico Dragano,1
Raimund Erbel,1
Goedele A Geuskens,1
Wendela E Hooftman,1
Irene L Houtman,1
Matti Joensuu,1
Karl-Heinz Jöckel,1
France Kittel,1
Anders Knutsson,1
Markku Koskenvuo,1
Aki Koskinen,1
Anne Kouvonen,1
Constanze Leineweber,1
Thorsten Lunau,1
Ida E H Madsen,1
Linda L Magnusson Hanson,1
Michael G Marmot,1
Martin L Nielsen,1
Maria Nordin,1
Jaana Pentti,1
Paula Salo,1
Reiner Rugulies,1
Andrew Steptoe,1
Johannes Siegrist,1
Sakari Suominen,1
Jussi Vahtera,1
Marianna Virtanen,1
Ari Väänänen,1
Peter Westerholm,1
Hugo Westerlund,1
Töres Theorell,1
Mark Hamer,1
Jane E Ferrie,1
Archana Singh-Manoux,1
G David Batty,1
Mika Kivimäki,1
José Leopoldo Ferreira Antunes,1
Tatiana Natasha Toporcov,1
Maria Gabriela Haye Biazevic,1
Antonio Fernando Boing,1
Stephen Stanfill,1
Matthew Hickman,1
Jon Heron,1
Glyn Lewis,1
John Macleod,1
Stanley Zammit,1
Deborah Ruth Amulen,1
Pieter Spanoghe,1
Michael Houbraken,1
Andrew Tamale,1
Dirk C de Graaf,1
Paul Cross,1
Guy Smagghe,1
Li Tan,1
Yunqiao Pu,1
Sivakumar Pattathil,1
Utku Avci,1
Jin Qian,1
Allison Arter,1
Liwei Chen,1
Michael G Hahn,1
Arthur J Ragauskas,1
Marcia J Kieliszewski,1
Mohd Masood,1
Jingchun Chen,1
Darlene H Brunzell,1
Kia Jackson,1
Andrew van der Vaart,1
Jennie Z Ma,1
Thomas J Payne,1
Richard Sherva,1
Lindsay A Farrer,1
Pablo Gejman,1
Douglas F Levinson,1
Peter Holmans,1
Steven H Aggen,1
Imad Damaj,1
Po-Hsiu Kuo,1
Bradley T Webb,1
Raymond Anton,1
Henry R Kranzler,1
Joel Gelernter,1
Ming D Li,1
Kenneth S Kendler,1
Xiangning Chen,1
Maria Cristina Schneider,1
Patricia Najera,1
Martha M Pereira,1
Gustavo Machado,1
Celso B dos Anjos,1
Rogério O Rodrigues,1
Gabriela M Cavagni,1
Claudia Muñoz-Zanzi,1
Luis G Corbellini,1
Mariana Leone,1
Daniel F Buss,1
Sylvain Aldighieri,1
Marcos A Espinal,1
Shreya Sarkar,1
Neyaz Alam,1
Syam Sundar Mandal,1
Kabita Chatterjee,1
Supratim Ghosh,1
Olivier Droulers,1
Karine Gallopel-Morvan,1
Sophie Lacoste-Badie,1
Mathieu Lajante,1
José-Antonio Daròs,1
Samir S Soneji,1
Brian A Primack,1
James D Sargent,1
Donald U Stone,1
Dustin Fife,1
Michael Brown,1
Keith E Earley,1
Lida Radfar,1
C Erick Kaufman,1
David M Lewis,1
Nelson L Rhodus,1
Barbara M Segal,1
Daniel J Wallace,1
Michael H Weisman,1
Swamy Venuturupalli,1
Michael T Brennan,1
Christopher J Lessard,1
Courtney G Montgomery,1
R Hal Scofield,1
Kathy L Sivils,1
Astrid Rasmussen,1
Ian L Megson,1
David E Newby,1
Jurgita Saulyte,1
Carlos Regueira,1
Agustín Montes-Martínez,1
Polyna Khudyakov,1
Bahi Takkouche,1
Sameer Dixit,1
Santosh Kumar Upadhyay,1
Harpal Singh,1
Om Prakash Sidhu,1
Praveen Chandra Verma,1
Chandrashekar K,1
Andreas Untergasser,1
Gerben J M Bijl,1
Ton Bisseling,1
Jan G Schaart,1
René Geurts,1
Peng Zhao,1
Xue-mei Zhou,1
Li-yao Zhang,1
Li-gang Ma,1
Li-bo Yang,1
Xiong-bo Peng,1
Peter V Bozhkov,1
Meng-xiang Sun,1
Teng-Fei Xu,1
Xiao-Chen Zhao,1
Yun-Tong Jiao,1
Jin-Yu Wei,1
Lan Wang,1
Yan Xu,1
Lina Chiuccariello,1
Isabelle Boileau,1
Mihail Guranda,1
Pablo M Rusjan,1
Alan A Wilson,1
Laurie Zawertailo,1
Sylvain Houle,1
Usoa Busto,1
Yun-Ching Huang,1
Yi-Hung Kuo,1
Yan-Hua Huang,1
Chih-Shou Chen,1
Dong-Ru Ho,1
Chung-Sheng Shi,1
Sonja Zeilinger,1
Brigitte Kühnel,1
Norman Klopp,1
Hansjörg Baurecht,1
Anja Kleinschmidt,1
Christian Gieger,1
Stephan Weidinger,1
Eva Lattka,1
Jerzy Adamski,1
Annette Peters,1
Konstantin Strauch,1
Melanie Waldenberger,1
Thomas Illig,1
Mehak Bhatia,1
Shaun K Morris,1
Cyril Patra,1
Judith M Vonk,1
H Marike Boezen,1
Robin P F Dullaart,1
Anneke C Muller Kobold,1
Edith J M Feskens,1
André P van Beek,1
Rendi Ma,1
Hali Yuan,1
Jing An,1
Xiaoyun Hao,1
Faisal S Khan,1
Ismat Lotia-Farrukh,1
Aamir J Khan,1
Saad Tariq Siddiqui,1
Sana Zehra Sajun,1
Amyn Abdul Malik,1
Aziza Burfat,1
Mohammad Hussham Arshad,1
Andrew J Codlin,1
Belinda M Reininger,1
Joseph B McCormick,1
Nadeem Afridi,1
Susan P Fisher-Hoch,1
Nikolay Vasilev,1
Christian Schmitz,1
Ulrike Grömping,1
Rainer Fischer,1
Tadele Eticha,1
Feven Kidane,1
María P Bertoglia,1
Juan G Gormaz,1
Matías Libuy,1
Dérgica Sanhueza,1
Abraham Gajardo,1
Andrea Srur,1
Magdalena Wallbaum,1
Marcia Erazo,1
Wakako Umene-Nakano,1
Reiji Yoshimura,1
Shingo Kakeda,1
Keita Watanabe,1
Kenji Hayashi,1
Joji Nishimura,1
Hidehiko Takahashi,1
Junji Moriya,1
Satoru Ide,1
Issei Ueda,1
Hikaru Hori,1
Atsuko Ikenouchi-Sugita,1
Asuka Katsuki,1
Kiyokazu Atake,1
Osamu Abe,1
Yukunori Korogi,1
Jun Nakamura,1
Man-Wah Li,1
Liang Zhou,1
Hon-Ming Lam,1
Yanghui Liu,1
Lijuan Wang,1
Kaiming Huang,1
Weiwei Wang,1
Xueling Nie,1
Yi Jiang,1
Pengpeng Li,1
Shanshan Liu,1
Hongzhi Tang,1
Jong-Won Park,1
Thiago R Benatti,1
Thiago Marconi,1
Qingyi Yu,1
Nora Solis-Gracia,1
Victoria Mora,1
Jorge A da Silva,1
Roberto Secades-Villa,1
Alba González-Roz,1
Ángel García-Pérez,1
Elisardo Becoña,1
Elisabetta Onelli,1
Alessandra Moscatelli,1
Assunta Gagliardi,1
Mauro Zaninelli,1
Luca Bini,1
Antonella Baldi,1
Marco Caccianiga,1
Serena Reggi,1
Luciana Rossi,1
Hannes Vogler,1
Myoung-Ok Kwon,1
Vy Dang,1
Adrian Sambade,1
Monika Fasler,1
Jamie Ashby,1
Julian G Ayer,1
Elena G Belousova,1
Jason A Harmer,1
Brett Toelle,1
David S Celermajer,1
Guy B Marks,1
Wei Yang,1
Xiaonan Xu,1
Yang Li,1
Yingzi Wang,1
Xinhua Ding,1
Zhaohui Chu,1
Jiaqi Zhang,1
Zhineng Li,1
Cong Guo,1
Guofeng Liu,1
Manzhu Bao,1
Po-Yu Yang,1
Nae-Fang Miao,1
Hui-Chuan Huang,1
Hsiu-Ju Chang,1
Daniel S D Larsson,1
Lars Liljas,1
David van der Spoel,1
Lucy F Stead,1
Philip Egan,1
Aoife Devery,1
Caroline Conway,1
Catherine Daly,1
Stefano Berri,1
Henry Wood,1
Ornella Belvedere,1
Kostas Papagiannopoulos,1
Anderson Ryan,1
Pamela Rabbitts,1
Shelley R Starck,1
Cristina Flores,1
Manuela Martins Green,1
Lei Zhao,1
Chaohong Feng,1
Caiting Hou,1
Lingyun Hu,1
Qiaochun Wang,1
Yunfeng Wu,1
Yessito Corine Nadège Houehanou,1
Gbedecon Carmelle Mizehoun,1
Pierre-Marie Preux,1
Benoit Marin,1
Dismand Stephan Houinato,1
Qiong Wu,1
Yaqian Li,1
Shigang Gao,1
Meng Wang,1
Tailong Zhang,1
Jie Chen,1
Henry S Kahn,1
Kai McKeever Bullard,1
Lawrence E Barker,1
Giuseppina Imperatore,1
Kimberly A Watson,1
Caren I Lanting,1
Simone E Buitendijk,1
Matty R Crone,1
Dewi Segaar,1
Jack Bennebroek Gravenhorst,1
Jacobus P van Wouwe,1
Arnaud T Djami-Tchatchou,1
Mmapula P Maake,1
Lizelle A Piater,1
Ian A Dubery,1
Sophia Sonnewald,1
Johannes P R Priller,1
Julia Schuster,1
Eric Glickmann,1
Mohammed-Reza Hajirezaei,1
Stefan Siebig,1
Mary Beth Mudgett,1
Uwe Sonnewald,1
Courtney A Granville,1
Regan M Memmott,1
Andria Balogh,1
Jacopo Mariotti,1
Shigeru Kawabata,1
Wei Han,1
Jaclyn Lopiccolo,1
Jason Foley,1
David J Liewehr,1
Seth M Steinberg,1
Daniel H Fowler,1
M Christine Hollander,1
Phillip A Dennis,1
Chuanlong Wu,1
Xinhua Qu,1
Yuanqing Mao,1
Huiwu Li,1
Fengxiang Liu,1
Zhenan Zhu,1
Ikechi Gareth Okpechi,1
Innocent Ijezie Chukwuonye,1
Nicki Tiffin,1
Okechukwu Ojoemelam Madukwe,1
Ugochukwu Uchenna Onyeonoro,1
Theophilus Ifeanyichukwu Umeizudike,1
Okechukwu Samuel Ogah,1
Xavier Moisset,1
Maud Perié,1
Bruno Pereira,1
Emilie Dumont,1
Christine Lebrun-Frenay,1
François-Xavier Lesage,1
Frederic Dutheil,1
Frederic Taithe,1
Pierre Clavelou,1
Fiona McKenzie,1
Mona Jeffreys,1
Ridvan Firestone,1
Alison E Hipwell,1
Joseph Murray,1
Shuangyan Xiong,1
Stephanie D Stepp,1
Kate E Keenan,1
Miranda R Jones,1
Maria Tellez-Plaza,1
Monique Williams,1
Amanda Villarreal,1
Krassimir Bozhilov,1
Sabrina Lin,1
Jeroen Bommelé,1
Marloes Kleinjan,1
Tim M Schoenmakers,1
William J Burk,1
Regina van den Eijnden,1
Dike van de Mheen,1
José Dijair Antonino de Souza Júnior,1
Roberta Ramos Coelho,1
Isabela Tristan Lourenço,1
Rodrigo da Rocha Fragoso,1
Antonio Américo Barbosa Viana,1
Leonardo Lima Pepino de Macedo,1
Maria Cristina Mattar da Silva,1
Regina Maria Gomes Carneiro,1
Gilbert Engler,1
Janice de Almeida-Engler,1
Maria Fatima Grossi-de-Sa,1
Dan Norback,1
Dianjianyi Sun,1
Shengxu Li,1
Iona Y Millwood,1
Margaret Smith,1
Yu Guo,1
Zheng Bian,1
Canqing Yu,1
Huiyan Zhou,1
Yunlong Tan,1
Junshi Chen,1
Zhengming Chen,1
Liming Li,1
Kora Grooms,1
Kaiser M Bijli,1
Anne M Fitzpatrick,1
C Michael Hart,1
Suzy A A Comhair,1
Benjamin M Gaston,1
Kristin S Ricci,1
Jeffrey Hammel,1
Raed A Dweik,1
W Gerald Teague,1
Deborah Meyers,1
Elizabeth J Ampleford,1
Eugene R Bleecker,1
William W Busse,1
William J Calhoun,1
Mario Castro,1
Kian Fan Chung,1
Douglas Curran-Everett,1
Elliot Israel,1
W Nizar Jarjour,1
Wendy Moore,1
Stephen P Peters,1
Sally Wenzel,1
Stanley L Hazen,1
Serpil C Erzurum,1
Mengling Liu,1
Linda Rogers,1
Qinyi Cheng,1
Yongzhao Shao,1
Maria Elena Fernandez-Beros,1
Joel N Hirschhorn,1
Helen N Lyon,1
Zofia K Z Gajdos,1
Sailaja Vedantam,1
Peter Gregersen,1
Michael F Seldin,1
Bertram Bleck,1
Adaikalavan Ramasamy,1
Anna-Liisa Hartikainen,1
Marjo-Riitta Jarvelin,1
Mikko Kuokkanen,1
Tarja Laitinen,1
Johan Eriksson,1
Terho Lehtimäki,1
Olli T Raitakari,1
Joan Reibman,1
Alys Havard,1
Louisa R Jorm,1
Sanja Lujic,1
Carrie Wertheim,1
Steven R Goldberg,1
Davide S Risso,1
Julia Kozlitina,1
Eduardo Sainz,1
Joanne Gutierrez,1
Stephen Wooding,1
Betelihem Getachew,1
Donata Luiselli,1
Carla J Berg,1
Dennis Drayna,1
Kelias P Msyamboza,1
Bagrey Ngwira,1
Titha Dzowela,1
Chimwemwe Mvula,1
Damson Kathyola,1
Anthony D Harries,1
Cameron Bowie,1
Yavar Vafaee,1
Agata Staniek,1
Maria Mancheno-Solano,1
Supinda Bunyavanich,1
Judy L Silberg,1
Jessica Lasky-Su,1
Nathan A Gillespie,1
Nancy E Lange,1
Glorisa Canino,1
Juan C Celedón,1
Angela Cristina Vasconcelos de Andrade,1
Paula Mendes Luz,1
Valdiléa Gonçalves Veloso,1
Ronaldo I Moreira,1
Fabio Russomano,1
Janice Chicarino-Coelho,1
Elaine Pires,1
José Eduardo Levi,1
Ruth Khalili Friedman,1
Sharad K Singh,1
Ashutosh K Shukla,1
Om P Dhawan,1
Ajit K Shasany,1
Mi-Rae Shin,1
Masaya Natsuume,1
Takashi Matsumoto,1
Mitsumasa Hanaoka,1
Misaki Imai,1
Ken Iijima,1
Shin-Ichiro Oka,1
Eri Adachi,1
Hiroaki Kodama,1
Scott M Nelson,1
Carrie V Breton,1
Kimberly D Siegmund,1
Bonnie R Joubert,1
Xinhui Wang,1
Weiliang Qui,1
Vincent Carey,1
Wenche Nystad,1
Siri E Håberg,1
Carole Ober,1
Dan Nicolae,1
Kathleen C Barnes,1
Fernando Martinez,1
Andy Liu,1
Robert Lemanske,1
Robert Strunk,1
Scott Weiss,1
Stephanie London,1
Frank Gilliland,1
Benjamin Raby,1
Sunitha Kodidela,1
Sabina Ranjit,1
Tingting Yao,1
Wendy Max,1
Rachel L Goldberg,1
Yingning Wang,1
Janine Cataldo,1
Matjaz Vogelsang,1
Yabing Wang,1
Nika Veber,1
Lamech M Mwapagha,1
M Iqbal Parker,1
Hassan Lemjabbar-Alaoui,1
Sukhvinder S Sidhu,1
Aklilu Mengistab,1
Marianne Gallup,1
Carol Basbaum,1
Suresh Gopalan,1
Arantza Rico,1
Mark H Bennett,1
Silvia Forcat,1
Wei E Huang,1
Gail M Preston,1
Jeffrey E Olgin,1
Gregory Nah,1
Eric Vittinghoff,1
Janine K Cataldo,1
Mark J Pletcher,1
Gregory M Marcus,1
Teruo Sano,1
James F Pankow,1
Kilsun Kim,1
Kevin J McWhirter,1
Wentai Luo,1
Jorge O Escobedo,1
Robert M Strongin,1
Anna K Duell,1
David H Peyton,1
Indu Mohan,1
Anoop Misra,1
Krishna Kumar Sharma,1
Aachu Agrawal,1
Naval K Vikram,1
Vinita Sharma,1
Usha Shrivastava,1
Ravindra M Pandey,1
M Dahlui,1
N K Jahan,1
H A Majid,1
M Y Jalaludin,1
L Murray,1
M Cantwell,1
T T Su,1
N Al-Sadat,1
Aysel Ozpinar,1
Fahrettin Kelestimur,1
Yildiran Songur,1
Ozge Can,1
Liza Valentin,1
Kathleen Caldwell,1
Ender Arikan,1
Ibrahim Unsal,1
Mustafa Serteser,1
Tamer Inal,1
Yigit Erdemgil,1
Abdurrahman Coskun,1
Nadi Bakirci,1
Ozlem Sezgin,1
Ben Blount,1
Anna Lindam,1
Catarina Jansson,1
Helena Nordenstedt,1
Nancy L Pedersen,1
Jesper Lagergren,1
Srinidi Mohan,1
Peter W K Ma,1
W Paul Williams,1
Xavier Jouven,1
Sylvie Escolano,1
David Celermajer,1
Jean-Philippe Empana,1
Annie Bingham,1
Olivier Hermine,1
Michel Desnos,1
Marie-Cécile Perier,1
Eloi Marijon,1
Pierre Ducimetière,1
Kira Tiedge,1
Gertrud Lohaus,1
Sandra Fresquet-Corrales,1
Edelín Roque,1
Alejandro Sarrión-Perdigones,1
Maricruz Rochina,1
María P López-Gresa,1
Huertas M Díaz-Mula,1
José M Bellés,1
Francisco Tomás-Barberán,1
José P Beltrán,1
Luis A Cañas,1
Gursimer Jeet,1
J S Thakur,1
Shankar Prinja,1
Meenu Singh,1
Leo Ayuk,1
Charles Awasom,1
Paul Ngang Achu,1
Annette Njinda,1
P S S Rao,1
Marisela Agudelo,1
Anantha Ram Nookala,1
Stephen Simon,1
Ryan N Gimple,1
Pamela de Oliveira Soares,1
Patrícia Maluf Cury,1
Rossana Verónica Mendoza López,1
Cláudio Roberto Cernea,1
Erika Erina Fukuyama,1
David Livingstone Alves Figueiredo,1
Francisco Gorgonio da Nobrega,1
Otavio Alberto Curioni,1
Fabio Daumas Nunes,1
Raquel Ajub Moyses,1
Maria Lúcia Bueno Garcia,1
Ivan Curjuric,1
Medea Imboden,1
Rachel Nadif,1
Ashish Kumar,1
Christian Schindler,1
Margot Haun,1
Florian Kronenberg,1
Nino Künzli,1
Harish Phuleria,1
Dirkje S Postma,1
Erich W Russi,1
Thierry Rochat,1
Florence Demenais,1
Nicole M Probst-Hensch,1
Zsolt Kárpáti,1
Markus Knaden,1
Andreas Reinecke,1
Bill S Hansson,1
Jan Bergström,1
Kerstin Cederlund,1
Barbro Dahlén,1
Ann-Sofie Lantz,1
Maria Skedinger,1
Lena Palmberg,1
Britt-Marie Sundblad,1
Danica Marlin,1
Susan W Nicolson,1
Abdullahi A Yusuf,1
Philip C Stevenson,1
Heino M Heyman,1
Kerstin Krüger,1
Fabrizio Ferretti,1
Feng-Yan Lin,1
Wei-Jiunn Lee,1
Yung-Wei Lin,1
Liang-Ming Lee,1
Junn-Liang Chang,1
Wei-Chun Weng,1
Anzheng Feng,1
Mingbo Cui,1
Yuxiu Liu,1
Fabien Gilbert,1
Pascale Lapie-Legouis,1
Marie-Noël Vercambre,1
Wanda Vélez-Carrasco,1
Carol E Green,1
Paul Catz,1
Anna Furimsky,1
Kathleen O'Loughlin,1
Vesna A Eterović,1
P A Ferchmin,1
Zoraida Verde,1
Luis Reinoso,1
Luis Miguel Chicharro,1
Pilar Resano,1
Ignacio Sánchez-Hernández,1
Jose Miguel Rodríguez González-Moro,1
Fernando Bandrés,1
Félix Gómez-Gallego,1
Catalina Santiago,1
Mengyao Jin,1
Kristina Mattsson,1
Karin Källén,1
Anna Rignell-Hydbom,1
Stefan R Hansson,1
Thomas F McElrath,1
David E Cantonwine,1
Lars Rylander,1
Ahmedin Jemal,1
Elizabeth Ward,1
Michael Thun,1
Andrew P Zammit,1
Rohit Sinha,1
Caroline L Cooper,1
Christopher F L Perry,1
Ian H Frazer,1
Zewen K Tuong,1
Andrew Sporle,1
Marine Corbin,1
Soo Cheng,1
Pauline Harawira,1
Michelle Gray,1
Tracey Whaanga,1
Parry Guilford,1
Jonathan Koea,1
Masahito Nakano,1
Hirofumi Yoshioka,1
Hirotaka Takahashi,1
Kouhei Ohnishi,1
Yasufumi Hikichi,1
Akinori Kiba,1
Jeong-Hwan Lee,1
Da-Young Park,1
Kyung-Jin Lee,1
Young-Kwan Kim,1
Yang-Kang So,1
Jae-Sung Ryu,1
Seung-Han Oh,1
Yeon-Soo Han,1
Kinarm Ko,1
Young-Kug Choo,1
Sung-Joo Park,1
Robert Brodzik,1
Kyoung-Ki Lee,1
Doo-Byoung Oh,1
Kyung-A Hwang,1
Hilary Koprowski,1
Yong Seong Lee,1
Kisung Ko,1
Bing Si,1
Gina Dumkrieger,1
Teresa Wu,1
Ross Zafonte,1
Alex B Valadka,1
David O Okonkwo,1
Geoffrey T Manley,1
Lujia Wang,1
David W Dodick,1
Todd J Schwedt,1
Lei Yang,1
Fuman Qiu,1
Xiaoxiao Lu,1
Dongsheng Huang,1
Guanpei Ma,1
Yuan Guo,1
Min Hu,1
Yumin Zhou,1
Mingan Pan,1
Yigang Tan,1
Haibo Zhong,1
Weidong Ji,1
Qingyi Wei,1
Pixin Ran,1
Nanshan Zhong,1
Yifeng Zhou,1
Jiachun Lu,1
Stephanie A Chambers,1
Neneh Rowa-Dewar,1
Andrew Radley,1
Fiona Dobbie,1
Matthew S Walters,1
Jacqueline Salit,1
Jin Hyun Ju,1
Michelle R Staudt,1
Robert J Kaner,1
Allison M Rogalski,1
Teniola B Sodeinde,1
Riyaad Rahim,1
Yael Strulovici-Barel,1
Jason G Mezey,1
Ahmad M Almulla,1
Hisham Sattar,1
Mai Mahmoud,1
Ronald G Crystal,1
Khalid Amari,1
Martin Di Donato,1
Valerian V Dolja,1
Ming-Ju Hsieh,1
Whei-Ling Chiang,1
Yi-Cheng Lai,1
Yu-Hsien Lee,1
Shu-Ching Huang,1
Ranjini Valiathan,1
Maria J Miguez,1
Bijal Patel,1
Kristopher L Arheart,1
Deshratn Asthana,1
Sydney A Martinez,1
David M Thompson,1
Theodore L Wagener,1
Deirdra R Terrell,1
Janis E Campbell,1
Maren Weischer,1
Børge G Nordestgaard,1
Tao Wu,1
Holger Schwender,1
Ingo Ruczinski,1
Jeffrey C Murray,1
Mary L Marazita,1
Ronald G Munger,1
Jacqueline B Hetmanski,1
Margaret M Parker,1
Tanda Murray,1
Margaret Taub,1
Shuai Li,1
Richard J Redett,1
M Daniele Fallin,1
Kung Yee Liang,1
Yah Huei Wu-Chou,1
Samuel S Chong,1
Vincent Yeow,1
Xiaoqian Ye,1
Hong Wang,1
Shangzhi Huang,1
Ethylin W Jabs,1
Bing Shi,1
Allen J Wilcox,1
Sun Ha Jee,1
Alan F Scott,1
Terri H Beaty,1
Siriporn Wangsri,1
Keskanya Subbalekha,1
Nakarin Kitkumthorn,1
Apiwat Mutirangura,1
Lynne R Wilkens,1
Daniel O Stram,1
Stephen S Hecht,1
Haoran Zhang,1
Henan Xin,1
Xiangwei Li,1
Hengjing Li,1
Mufei Li,1
Liqiong Bai,1
Xinhua Wang,1
Jianmin Liu,1
Qi Jin,1
Lei Gao,1
Aviv Dombrovsky,1
Eyal Glanz,1
Oded Lachman,1
Noa Sela,1
Adi Doron-Faigenboim,1
Yehezkel Antignus,1
Farin Kamangar,1
Mehdi Nouraie,1
Hooman Khademi,1
Arash Etemadi,1
Hajiamin Marjani,1
Saman Fahimi,1
Alireza Sepehr,1
Atieh Rahmati,1
Reza Majdzadeh,1
Michael Seimetz,1
Nirmal Parajuli,1
Alexandra Pichl,1
Mariola Bednorz,1
Hossein Ardeschir Ghofrani,1
Ralph Theo Schermuly,1
Werner Seeger,1
Friedrich Grimminger,1
Norbert Weissmann,1
Shaozhen He,1
Degao Liu,1
Gunvant B Patil,1
Hong Zhai,1
Feibing Wang,1
Troy J Stephenson,1
Yannan Wang,1
Bing Wang,1
Babu Valliyodan,1
Henry T Nguyen,1
Qingchang Liu,1
Charlotte M Page,1
Archana Patel,1
Patricia L Hibberd,1
Krithiga Shridhar,1
Preet Kaur Dhillon,1
Liza Bowen,1
Sanjay Kinra,1
Ankalmadugu Venkatsubbareddy Bharathi,1
Dorairaj Prabhakaran,1
Kolli Srinath Reddy,1
Ariel Tarasiuk,1
Gally Reznor,1
Sari Greenberg-Dotan,1
Haim Reuveni,1
Saet-Byul Kim,1
Hye-Young Lee,1
Seungyeon Seo,1
Joo Hyun Lee,1
Yan Deng,1
Ming Xie,1
Li Xie,1
Jian Wang,1
Taijie Li,1
Yu He,1
Ruolin Li,1
Shan Li,1
Xue Qin,1
Canyou Zhang,1
Yunzhou Ruan,1
Jun Cheng,1
Fei Zhao,1
Yinyin Xia,1
Hui Zhang,1
Ewan Wilkinson,1
Mrinalini Das,1
Dongmei Hu,1
Kathiresan Jeyashree,1
Lixia Wang,1
Ryan C Gimple,1
Yumei Du,1
Jinping Zhao,1
Tianyuan Chen,1
Qi Liu,1
Haili Zhang,1
Yan Wang,1
Yiguo Hong,1
Fangming Xiao,1
Ling Zhang,1
Qianhua Shen,1
Hisayoshi Morioka,1
Osamu Itani,1
Yoshitaka Kaneita,1
Hajime Iwasa,1
Maki Ikeda,1
Ryuichiro Yamamoto,1
Yoneatsu Osaki,1
Hideyuki Kanda,1
Sachi Nakagome,1
Takashi Ohida,1
Michael Boyle,1
Lijuan Zhou,1
Yongping Duan,1
Yan-Min Xu,1
Hong-Hui Chen,1
Fu Li,1
Fang Deng,1
Xiao-Bo Liu,1
Hai-Chen Yang,1
Li-Guo Qi,1
Jin-Hong Guo,1
Tie-Bang Liu,1
Elodie Caboux,1
Christophe Lallemand,1
Gilles Ferro,1
Bertrand Hémon,1
Maimuna Mendy,1
Carine Biessy,1
Matt Sims,1
Nick Wareham,1
Abigail Britten,1
Anne Boland,1
Afshan Siddiq,1
Paolo Vineis,1
Elio Riboli,1
Sabina Rinaldi,1
Marc J Gunter,1
Petra H M Peeters,1
Ruth Travis,1
H Bas Bueno-de-Mesquita,1
Federico Canzian,1
Maria-José Sánchez,1
Guri Skeie,1
Karina Standahl Olsen,1
Eiliv Lund,1
Roberto Bilbao,1
Núria Sala,1
Aurelio Barricarte,1
Domenico Palli,1
Carmen Navarro,1
Salvatore Panico,1
Maria Luisa Redondo,1
Silvia Polidoro,1
Laure Dossus,1
Marie Christine Boutron-Ruault,1
Françoise Clavel-Chapelon,1
Antonia Trichopoulou,1
Dimitrios Trichopoulos,1
Pagona Lagiou,1
Heiner Boeing,1
Eva Fisher,1
Rosario Tumino,1
Claudia Agnoli,1
Pierre Hainaut,1
Yihao Li,1
Yanling Deng,1
Ping Chen,1
Fen Feng,1
Wanwan Chen,1
Xiaojin Zhou,1
Yingdian Wang,1
Chun-Hsien Lee,1
Sheng-Der Hsu,1
Hsueh-Yun Chi,1
Li-Jung Huang,1
Ming-Kung Yeh,1
Jean-Marie Launay,1
Muriel Del Pino,1
Gilles Chironi,1
Jacques Callebert,1
Katell Peoc'h,1
Jean-Louis Mégnien,1
Jacques Mallet,1
Alain Simon,1
Francine Rendu,1
Sang-Yong Eom,1
Dong-Hyuk Yim,1
Chul-Ho Lee,1
Kang-Hyeon Choe,1
Jin Young An,1
Kye Young Lee,1
Yong-Dae Kim,1
Heon Kim,1
Anthony Rodgers,1
Stephen Vander Hoorn,1
Alan D Lopez,1
Ruey-Bin Lin,1
Christopher J L Murray,1
Carma Karam,1
Alain Beauchet,1
Sebastien Czernichow,1
Florence de Roquefeuil,1
Alain Bourez,1
Nicolas Mansencal,1
Olivier Dubourg,1
Jean-Paul Humair,1
Nicolas Garin,1
Eric Gerstel,1
Sebastian Carballo,1
Pierre-Frédéric Keller,1
Xiang Li,1
Zheng Hu,1
Xinshun Qu,1
Jiadong Zhu,1
Lin Li,1
Brian Z Ring,1
Li Su,1
Akanksha Sharma,1
Dilip Kumar,1
Sumit Kumar,1
Sakshi Rampuria,1
Attipalli R Reddy,1
Pulugurtha Bharadwaja Kirti,1
Delphine Lutringer-Magnin,1
Nicolas Girard,1
Jacques Cadranel,1
Caroline Leroux,1
Elisabeth Quoix,1
Vincent Cottin,1
Corinne Del Signore,1
Marie-Paule Lebitasy,1
Geneviève Cordier,1
Philippe Vanhems,1
Jean-François Mornex,1
Sabri Bousbia,1
Laurent Papazian,1
Bernard La Scola,1
Sonja P Dawsey,1
Stanley Tonui,1
Robert K Parker,1
John W Fitzwater,1
Russell E White,1
Zhenhua Zhou,1
Hongyan Xiong,1
Ran Jia,1
Guoyu Yang,1
Tianyou Guo,1
Zhaoyou Meng,1
Guangyu Huang,1
Yao Zhang,1
Natasha Andressa Nogueira Jorge,1
Gabriel Wajnberg,1
Carlos Gil Ferreira,1
Benilton de Sa Carvalho,1
Fabio Passetti,1
Xiao-Qiang Zhao,1
Xuan-Li Nie,1
Youngjoo Oh,1
Thyago Hermylly Santana Cardoso,1
Ana Camila Oliveira Freitas,1
Bruno Silva Andrade,1
Aurizangela Oliveira de Sousa,1
André da Silva Santiago,1
Daniela Martins Koop,1
Karina Peres Gramacho,1
Fátima Cerqueira Alvim,1
Fabienne Micheli,1
Carlos Priminho Pirovani,1
George Kostallas,1
Per-Åke Löfdahl,1
Patrik Samuelson,1
Ralf J P van der Valk,1
Ashna D Mohangoo,1
Johannes C van der Wouden,1
Liesbeth Duijts,1
Vincent W Jaddoe,1
Albert Hofman,1
Harry J de Koning,1
Johan C de Jongste,1
Mark P Little,1
Jolyon H Hendry,1
Jerome S Puskin,1
Nga T Lao,1
Alan P Maloney,1
John F Atkins,1
Tony A Kavanagh,1
Donghui Zhang,1
Katarzyna Jasieniecka-Gazarkiewicz,1
Xia Wan,1
Ling Luo,1
Yinbo Zhang,1
Antoni Banas,1
Mulan Jiang,1
Yangmin Gong,1
Hemlata Kotkar,1
Nawaporn Onkokesung,1
Elizabeth A Best,1
Elizabeth Juarez-Colunga,1
Katherine James,1
William G LeBlanc,1
Berrin Serdar,1
Songxiao Cao,1
Chong Zhang,1
Yufan Tang,1
Jieying Liu,1
Hongyan Qi,1
Sheetal Hardikar,1
Patricia L Blount,1
Robert D Odze,1
Allyson E Kennedy,1
Suraj Kandalam,1
Rene Olivares-Navarrete,1
Amanda J G Dickinson,1
Meenu S Padmanabhan,1
Shisong Ma,1
Tessa M Burch-Smith,1
Kirk Czymmek,1
Peter Huijser,1
Savithramma P Dinesh-Kumar,1
Masaki Nishikiori,1
Masashi Mori,1
Koji Dohi,1
Hideyasu Okamura,1
Etsuko Katoh,1
Satoshi Naito,1
Tetsuo Meshi,1
Masayuki Ishikawa,1
Fangfang Li,1
Changjun Huang,1
Zhenghe Li,1
Xueping Zhou,1
Lydia J R Hunter,1
Geraldine Heath,1
Keith Macaulay,1
Stuart A Macfarlane,1
Peter Palukaitis,1
Artemis Giannakopoulou,1
Sebastian Schornack,1
Tolga O Bozkurt,1
Dave Haart,1
Dae-Kyun Ro,1
Juan A Faraldos,1
Sophien Kamoun,1
Paul E O'Maille,1
Todd M Pollack,1
Hao T Duong,1
Thuy T Pham,1
Cuong D Do,1
Donn Colby,1
Yuan-Wan Sun,1
Kun-Ming Chen,1
Yuka Imamura Kawasawa,1
Anna C Salzberg,1
Timothy K Cooper,1
Carla Caruso,1
Cesar Aliaga,1
Junjia Zhu,1
Krishne Gowda,1
Shantu Amin,1
Karam El-Bayoumy,1
Roger L Papke,1
Nicole A Horenstein,1
Clare Stokes,1
Anders Bjerg,1
Linda Ekerljung,1
Jonas Eriksson,1
Inga Sif Ólafsdóttir,1
Roelinde Middelveld,1
Karl A Franklin,1
Bertil Forsberg,1
Jan Lötvall,1
Kjell Torén,1
Sven-Erik Dahlén,1
Bo Lundbäck,1
Keith D Miller,1
Richard Roque,1
Christopher H Clegg,1
Man Zhou,1
Qian Hu,1
Zhigang Li,1
Dayong Li,1
Chin-Fu Chen,1
Hong Luo,1
Nabin T Pahari,1
Shuqing Xu,1
Maja Miloradovic van Doorn,1
Sean G Kelly,1
Michael Plankey,1
Wendy S Post,1
Ronald Stall,1
Mallory D Witt,1
Lawrence Kingsley,1
Christopher Cox,1
Matthew Budoff,1
Frank J Palella,1
Eilis Hannon,1
Olivia Knox,1
Karen Sugden,1
Joe Burrage,1
Chloe C Y Wong,1
Daniel W Belsky,1
David L Corcoran,1
Louise Arseneault,1
Terrie E Moffitt,1
Avshalom Caspi,1
Jonathan Mill,1
Peter H Silverstone,1
Marni Bercov,1
Victoria Y M Suen,1
Andrea Allen,1
Ivor Cribben,1
Jodi Goodrick,1
Stu Henry,1
Catherine Pryce,1
Pieter Langstraat,1
Katherine Rittenbach,1
Samprita Chakraborty,1
Rutger C Engels,1
Christopher McCabe,1
Agnès Delaunay,1
Johan C Visser,1
Dirk U Bellstedt,1
Emmanuel Jacquot,1
Daniel Romer,1
Ellen Peters,1
Andrew A Strasser,1
Daniel Langleben,1
Wesley Abplanalp,1
Natasha DeJarnett,1
Daniel W Riggs,1
Daniel J Conklin,1
James P McCracken,1
Sanjay Srivastava,1
Zhengzhi Xie,1
Shesh Rai,1
Timothy E O'Toole,1
WangYu Zhu,1
KaiYu Zhou,1
Yao Zha,1
DongDong Chen,1
JianYing He,1
HaiJie Ma,1
XiaoGuang Liu,1
HanBo Le,1
YongKui Zhang,1
Mojgan Hessamfar,1
Céline Colin,1
Mathias Bruyand,1
Madeleine Decoin,1
Charles Cazanave,1
Jean-Luc Pellegrin,1
Philippe Morlat,1
Sujit Roy,1
Victor Banerjee,1
Kali Pada Das,1
David Seung,1
Sebastian Soyk,1
Mario Coiro,1
Benjamin A Maier,1
Simona Eicke,1
Samuel C Zeeman,1
Kai Yu,1
Alisa M Goldstein,1
Robert Welch,1
Laurie Burdette,1
Stephen J Chanock,1
Margaret A Tucker,1
Xueliang Lyu,1
Cuicui Shen,1
Yanping Fu,1
Jiatao Xie,1
Daohong Jiang,1
Guoqing Li,1
Jiasen Cheng,1
Vernon Reynolds,1
Andrew W Lloyd,1
Fred Babweteera,1
Christopher J English,1
Katie A Hiler,1
Elizabeth A Tolley,1
Jinhuan Pang,1
Yue Zhu,1
Qing Li,1
Jinzhi Liu,1
Yingchuan Tian,1
Jiahe Wu,1
Yen-Liang Chang,1
Shih-Han Hung,1
Wells Ling,1
Herng-Ching Lin,1
Hsien-Chang Li,1
Shiu-Dong Chung,1
João Silvestre da Silva-Junior,1
Frida Marina Fischer,1
Karine Risso,1
Francine Guillouet-de-Salvador,1
Laure Valerio,1
Pascal Puglièse,1
Alissa Naqvi,1
Jacques Durant,1
Elisa Demonchy,1
Isabelle Perbost,1
Eric Cua,1
Charles-Hugo Marquette,1
Pierre-Marie Roger,1
Vincent Paget,1
Mathilde Lechevrel,1
Véronique André,1
Jérémie Le Goff,1
Didier Pottier,1
Sylvain Billet,1
Guillaume Garçon,1
Pirouz Shirali,1
François Sichel,1
Songling Bai,1
Hatsune Hojo,1
Hussein A N Al-Wadei,1
Mohammed H Al-Wadei,1
Hildegard M Schuller,1
Yin-Hung Chu,1
Shu-Ling Tzeng,1
Jongho Heo,1
Juhwan Oh,1
Yoon Kim,1
Myriam Bickle Graz,1
Jean-François Tolsa,1
Céline Julie Fischer Fumeaux,1
Amir Raza,1
Hassan Jamil Malik,1
Muhammad Shafiq,1
Imran Amin,1
Jodi A Scheffler,1
Brian E Scheffler,1
David E Capo-Ramos,1
Ying Gao,1
David P Check,1
Andrew J Saxon,1
Loreta Strumylaite,1
Rima Kregzdyte,1
Lina Poskiene,1
Algirdas Bogusevicius,1
Darius Pranys,1
Roberta Norkute,1
Yichong Li,1
Yong Jiang,1
Fan Wu,1
Alessandra Vasconcellos Nunes Laitz,1
Marcio Luis Acencio,1
Ilara G F Budzinski,1
Mônica T V Labate,1
Ney Lemke,1
Paulo Eduardo Martins Ribolla,1
Christian Renicke,1
Roberta Spadaccini,1
Christof Taxis,1
Patou Masika Musumari,1
Arunrat Tangmunkongvorakul,1
Kriengkrai Srithanaviboonchai,1
Mitchell D Feldman,1
Wathee Sitthi,1
Kittipan Rerkasem,1
Teeranee Techasrivichien,1
S Pilar Suguimoto,1
Masako Ono-Kihara,1
Masahiro Kihara,1
Richa Singh,1
Navonil De Sarkar,1
Sumanta Sarkar,1
Roshni Roy,1
Esita Chattopadhyay,1
Anindita Ray,1
Nidhan K Biswas,1
Arindam Maitra,1
Justin A Colacino,1
Dana C Dolinoy,1
Sonia A Duffy,1
Maureen A Sartor,1
Douglas B Chepeha,1
Carol R Bradford,1
Jonathan B McHugh,1
Divya A Patel,1
Shama Virani,1
Heather M Walline,1
Emily Bellile,1
Jeffrey E Terrell,1
Jay A Stoerker,1
Jeremy M G Taylor,1
Thomas E Carey,1
Gregory T Wolf,1
Laura S Rozek,1
Lauren Cole,1
Linda Polfus,1
Edward S Peters,1
Katrina Steiling,1
Aran Y Kadar,1
Agnes Bergerat,1
James Flanigon,1
Sriram Sridhar,1
Vishal Shah,1
Q Rushdy Ahmad,1
Jerome S Brody,1
Marc E Lenburg,1
Martin Steffen,1
Claire A Mitchell,1
Stefan Kalies,1
Tomás Cizmár,1
Alexander Heisterkamp,1
Lesley Torrance,1
Alison G Roberts,1
Frank J Gunn-Moore,1
Kishan Dholakia,1
Rasmieh Alzeidan,1
Fatemeh Rabiee,1
Ahmed Mandil,1
Ahmad Hersi,1
Amel Fayed,1
Andrea L Smith,1
Stacy M Carter,1
Sally M Dunlop,1
Norma Andrea Velazquez-Ulloa,1
Meng Wu,1
Chuisong Meng,1
Kailiang Wang,1
Yanna Hu,1
Amy C Janes,1
Stacey Farmer,1
Blaise deB Frederick,1
Lisa D Nickerson,1
Scott E Lukas,1
Yuankai Shi,1
Junling Li,1
Shucai Zhang,1
Mengzhao Wang,1
Shujun Yang,1
Ning Li,1
Gang Wu,1
Guoqing Liao,1
Kaican Cai,1
Liang'an Chen,1
Meizhen Zheng,1
Ping Yu,1
Xiuwen Wang,1
Yunpeng Liu,1
Qisen Guo,1
Ligong Nie,1
Jiwei Liu,1
Xiaohong Han,1
Bruce P Lanphear,1
Santanu Dasgupta,1
Rex C Yung,1
William H Westra,1
David A Rini,1
Johann Brandes,1
David Sidransky,1
Lan-Huan Meng,1
Rui-Heng Wang,1
Ben-Zhong Zhu,1
Hong-Liang Zhu,1
Yun-Bo Luo,1
Da-Qi Fu,1
Daniel F Alamidi,1
Simon S I Kindvall,1
Penny L Hubbard Cristinacce,1
Deirdre M McGrath,1
Simon S Young,1
Josephine H Naish,1
John C Waterton,1
Per Wollmer,1
Sandra Diaz,1
Marita Olsson,1
Paul D Hockings,1
Kerstin M Lagerstrand,1
Geoffrey J M Parker,1
Lars E Olsson,1
Moises A Huaman,1
David Henson,1
Paola L Rondan,1
Eduardo Ticona,1
Gustavo Miranda,1
Richard J Kryscio,1
Raquel Mugruza,1
Ernesto Aranda,1
Cesar Ticona,1
Susan Abarca,1
Paula Heredia,1
Andres Aguirre,1
Timothy R Sterling,1
Beth A Garvy,1
Carl J Fichtenbaum,1
Jichong Huang,1
Tingting Zhu,1
Yi Qu,1
Dezhi Mu,1
Meng Liu,1
Rui Fan,1
Xinhua Liu,1
Feng Cheng,1
Ju Wang,1
Donglan Tian,1
Michelle Peiffer,1
Erica Shoemaker,1
John Tooker,1
Eric Haubruge,1
Frederic Francis,1
Gary W Felton,1
Yuan-Hua Wu,1
Chia-Jui Yen,1
Jenn-Ren Hsiao,1
Chun-Yen Ou,1
Jehn-Shyun Huang,1
Tung-Yiu Wong,1
Sen-Tien Tsai,1
Cheng-Chih Huang,1
Wei-Ting Lee,1
Ken-Chung Chen,1
Sheen-Yie Fang,1
Jiunn-Liang Wu,1
Wei-Ting Hsueh,1
Forn-Chia Lin,1
Ming-Wei Yang,1
Jang-Yang Chang,1
Hsiao-Chen Liao,1
Shang-Yin Wu,1
Chen-Lin Lin,1
Yi-Hui Wang,1
Ya-Ling Weng,1
Han-Chien Yang,1
Yu-Shan Chen,1
Jeffrey S Chang,1
Zheng Ye,1
Honglin Song,1
Julian P T Higgins,1
Paul Pharoah,1
John Danesh,1
Arif Muhammad Khan,1
Muhammad Ashfaq,1
Zsofia Kiss,1
Azhar Abbas Khan,1
Bryce W Falk,1
Satoshi Ito,1
Takahiro Gojoubori,1
Kou Tsunoda,1
Yoko Yamaguchi,1
Masatake Asano,1
Eiji Goke,1
Ryosuke Koshi,1
Naoyuki Sugano,1
Naoto Yoshinuma,1
Kazuo Komiyama,1
Koichi Ito,1
Pss Rao,1
Petra G Buettner,1
David A Westcott,1
Jennefer Maclean,1
Lawrence Brown,1
Adam McKeown,1
Ashleigh Johnson,1
Karen Wilson,1
David Blair,1
Jonathan Luly,1
Lee Skerratt,1
Reinhold Muller,1
Richard Speare,1
Sanjay Kini,1
Veena G Kamath,1
Muralidhar M Kulkarni,1
Asha Kamath,1
Siddharudha Shivalli,1
Kuangnan Fang,1
Yefei Jiang,1
Benchang Shia,1
Shuangge Ma,1
Xin Wang,1
Man Ping Wang,1
Alice Wan,1
Sophia S Chan,1
Tabitha Woolpert,1
Christopher J Phillips,1
Carter Sevick,1
Nancy F Crum-Cianflone,1
Patrick J Blair,1
Dennis Faix,1
Sandra C Jones,1
Sabine Hall,1
Kypros Kypri,1
Andrew F Brouwer,1
Marisa C Eisenberg,1
Garrett M Dancik,1
Dan Theodorescu,1
Sílvia Vilà,1
Esther Badosa,1
Emilio Montesinos,1
Marta Planas,1
Lidia Feliu,1
Kufre Joseph Okop,1
Naomi Levitt,1
Thandi Puoane,1
Mario González,1
Nélida Brito,1
Marcos Frías,1
Celedonio González,1
Diego Zavallo,1
Humberto Julio Debat,1
Gabriela Conti,1
Carlos Augusto Manacorda,1
Maria Cecilia Rodriguez,1
Sebastian Asurmendi,1
Courtney Schaal,1
Hilary K Hsu,1
Todd T Brown,1
Stephen Young,1
Ross D Cranston,1
Gypsyamber D'Souza,1
Otoniel Martínez-Maza,1
Eric C Seaberg,1
Joseph B Margolick,1
Frank J Jenkins,1
Matthew G Moran,1
Kristofer Chua,1
Robert K Bolan,1
Roger Detels,1
Dorothy J Wiley,1
Deirdre M McCarthy,1
Thomas J Morgan,1
Sarah E Lowe,1
Matthew J Williamson,1
Thomas J Spencer,1
Joseph Biederman,1
Pradeep G Bhide,1
Nicole M Mantella,1
Paul F Kent,1
Steven L Youngentob,1
Simon C Groen,1
Zhiyou Du,1
Alex M Murphy,1
Damar Tri Anggoro,1
Trisna Tungadi,1
Vijitra Luang-In,1
Mathew G Lewsey,1
John T Rossiter,1
Glen Powell,1
Clare E Weeden,1
Yunshun Chen,1
Stephen B Ma,1
Yifang Hu,1
Georg Ramm,1
Kate D Sutherland,1
Gordon K Smyth,1
Marie-Liesse Asselin-Labat,1
Amir Goren,1
Kathy Annunziata,1
Robert A Schnoll,1
Jose A Suaya,1
Andrea Cippitelli,1
Giuseppe Astarita,1
Andrea Duranti,1
Giovanni Caprioli,1
Massimo Ubaldi,1
Serena Stopponi,1
Marsida Kallupi,1
Gianni Sagratini,1
Fernando Rodrìguez de Fonseca,1
Daniele Piomelli,1
Roberto Ciccocioppo,1
Xavier Gallego,1
Ryan J Cox,1
James R Laughlin,1
Jerry A Stitzel,1
Marissa A Ehringer,1
Gretchen Stevens,1
Rodrigo H Dias,1
Kevin J A Thomas,1
Juan A Rivera,1
Natalie Carvalho,1
Simón Barquera,1
Kenneth Hill,1
Florence Piron,1
Maryse Nicolaï,1
Silvia Minoïa,1
Elodie Piednoir,1
André Moretti,1
Aurélie Salgues,1
Dani Zamir,1
Carole Caranta,1
Abdelhafid Bendahmane,1
Xiao-Jie Li,1
Mo Li,1
Ying Zhou,1
Shan Hu,1
Rong Hu,1
Yun Chen,1
Xue-Bao Li,1
Michael K Adjemian,1
Richard J Volpe,1
Jennifer Adjemian,1
Robert Carreras-Torres,1
Philip C Haycock,1
Kaitlin H Wade,1
Caroline L Relton,1
Richard M Martin,1
Demetrius Albanes,1
Susanne M Arnold,1
Heike Bickeböller,1
Hans Brunnström,1
Irene Brüske,1
W Jay Christian,1
Jennifer A Doherty,1
Eric J Duell,1
Michael P A Davies,1
Michael W Marcus,1
Gary E Goodman,1
Aage Haugen,1
Peter Kraft,1
Mikael B Johansson,1
Olle Melander,1
Gad Rennert,1
Angela Risch,1
Eric B Haura,1
Ghislaine Scelo,1
David Zaridze,1
Anush Mukeriya,1
Milan Savić,1
Jolanta Lissowska,1
Beata Swiatkowska,1
Vladimir Janout,1
Ivana Holcatova,1
Dana Mates,1
Penella Woll,1
James McKay,1
Xiaopeng Qi,1
Forrest Sheng Bao,1
Zhixin Xie,1
Yixing Li,1
Meng Xu,1
Ning Wang,1
Youguo Li,1
Raheem Ullah,1
Majid Ali Shah,1
Soban Tufail,1
Fouzia Ismat,1
Muhammad Imran,1
Mazhar Iqbal,1
Osman Mirza,1
Moazur Rhaman,1
Peter J Mazzone,1
Nicola Marchi,1
Vince Fazio,1
J Michael Taylor,1
Thomas Masaryk,1
Luke Bury,1
Tarek Mekhail,1
Damir Janigro,1
Andrea Pitzschke,1
Jeremy B Katzen,1
Kirtee Raparia,1
Rishi Agrawal,1
Jyoti D Patel,1
Alfred Rademaker,1
John Varga,1
Jane E Dematte,1
Motoyasu Iikura,1
Siyan Yi,1
Yasunori Ichimura,1
Ai Hori,1
Shinyu Izumi,1
Haruhito Sugiyama,1
Koichiro Kudo,1
Nobuyuki Kobayashi,1
Zibo Chen,1
Jackie Yen Tan,1
Shengniao Niu,1
Wei Yue,1
Anxin Wang,1
Runxiu Zhu,1
Zhongrui Yan,1
Shouhuan Zheng,1
Jingwei Wang,1
Jia Huo,1
Yunlin Liu,1
Xin Li,1
Yong Ji,1
Dingbo Shi,1
Wei Guo,1
Wangbin Chen,1
Lingyi Fu,1
Jingshu Wang,1
Yung Tian,1
Xiangsheng Xiao,1
Tiebang Kang,1
Wenlin Huang,1
Wuguo Deng,1
Mahfuza Rifat,1
Abul Hasnat Milton,1
John Hall,1
Christopher Oldmeadow,1
Md Akramul Islam,1
Ashaque Husain,1
Md Wahiduzzaman Akhanda,1
Bodrun Naher Siddiquea,1
Julien Marlet,1
Catherine Gaudy-Graffin,1
Daniel Marc,1
Ronan Boennec,1
Alain Goudeau,1
Liyao Zhang,1
Meng-Xiang Sun,1
Jessie Pullar,1
Luke Allen,1
Nick Townsend,1
Julianne Williams,1
Charlie Foster,1
Nia Roberts,1
Mike Rayner,1
Bente Mikkelsen,1
Francesco Branca,1
Kremlin Wickramasinghe,1
Carolina Grandellis,1
Elisa Fantino,1
María Noelia Muñiz García,1
Magalí Graciela Bialer,1
Franco Santin,1
Daniela Andrea Capiati,1
Rita María Ulloa,1
C Stewart Gillmor,1
Adrienne H K Roeder,1
Patrick Sieber,1
Chris Somerville,1
Wolfgang Lukowitz,1
Jasna Lalić,1
Chen Rouyi,1
Supaporn Baiya,1
Sang-Kyu Lee,1
Bancha Mahong,1
Jong-Seong Jeon,1
James R Ketudat-Cairns,1
Mariena Ketudat-Cairns,1
Amanda L Baryshyan,1
William Woods,1
Barry A Trimmer,1
David L Kaplan,1
Concepción Almoguera,1
Pilar Prieto-Dapena,1
José-María Personat,1
Javier Tejedor-Cano,1
Marika Lindahl,1
Antonio Diaz-Espejo,1
Juan Jordano,1
Zhenzhen Wang,1
Qiang Han,1
Qian Zi,1
Shun Lv,1
Hongmei Zeng,1
Zi-Yi Jin,1
Ming Wu,1
Ren-Qiang Han,1
Xiao-Feng Zhang,1
Xu-Shan Wang,1
Ai-Ming Liu,1
Jin-Yi Zhou,1
Qing-Yi Lu,1
Claire H Kim,1
Lina Mu,1
Zuo-Feng Zhang,1
Jin-Kou Zhao,1
Jothini Odman-Naresh,1
Margret Duevel,1
Subbaratnam Muthukrishnan,1
Hans Merzendorfer,1
Xiaomeng Xu,1
Jin Wang,1
Arthur Aron,1
Wei Lei,1
J Lee Westmaas,1
Xuchu Weng,1
Joel G Ray,1
Donald A Redelmeier,1
Marcelo L Urquia,1
Astrid Guttmann,1
Sarah D McDonald,1
Marian J Vermeulen,1
Jacques Cornuz,1
Susanne Zwahlen,1
Walter Felix Jungi,1
Joseph Osterwalder,1
Karl Klingler,1
Guy van Melle,1
Yolande Bangala,1
Philipp Müller,1
Jörg Willers,1
Patrik Maurer,1
Martin F Bachmann,1
Thomas Cerny,1
Chungyun Bae,1
Su-min Kim,1
Dong Ju Lee,1
Ji-Si Zhang,1
Jing Zhao,1
Shaohua Zhang,1
Chaoying He,1
Aurélie Bertaut,1
Julien Coudert,1
Leila Bengrine,1
Vincent Dancourt,1
Christine Binquet,1
Serge Douvier,1
Qiu-Hong Zhou,1
Lan-Juan Zhao,1
Rhamee Badr,1
Xiao-Jing Xu,1
Feng-Xiao Bu,1
Joan Lappe,1
Robert Recker,1
Yu Zhou,1
An Ye,1
Bo-Ting Zhou,1
Ying Zhu,1
Weiqiang Qian,1
Jian Hua,1
Lorena I Rangel,1
Marcella D Henkels,1
Brenda T Shaffer,1
Francesca L Walker,1
Edward W Davis,1
Virginia O Stockwell,1
Denny Bruck,1
Barbara J Taylor,1
Joyce E Loper,1
Isabel Weinheimer,1
Yaming Jiu,1
Minna-Liisa Rajamäki,1
Olli Matilainen,1
Jukka Kallijärvi,1
Wilmer J Cuellar,1
Rui Lu,1
Mart Saarma,1
Carina I Holmberg,1
Jussi Jäntti,1
Jari P T Valkonen,1
Blankson W Amoabeng,1
Geoff M Gurr,1
Catherine W Gitau,1
Helen I Nicol,1
Louis Munyakazi,1
Phil C Stevenson,1
Marcus V M Gomes,1
Leandro V Toffoli,1
Douglas W Arruda,1
Larissa M Soldera,1
Gislaine G Pelosi,1
Rejane D Neves-Souza,1
Eliane R Freitas,1
Denilson T Castro,1
Audrey S Marquez,1
Akane Kamigaki,1
Kazumasa Nito,1
Kazumi Hikino,1
Shino Goto-Yamada,1
Mikio Nishimura,1
Tsuyoshi Nakagawa,1
Shoji Mano,1
Qiong Lin,1
Shaojia Li,1
Wencheng Dong,1
Chao Feng,1
Xueren Yin,1
Changjie Xu,1
Chongde Sun,1
Kunsong Chen,1
Yanfei Jia,1
Haiji Sun,1
Hongqiao Wu,1
Huilin Zhang,1
Xiuping Zhang,1
Dongjie Xiao,1
Xiaoli Ma,1
Yunshan Wang,1
Fabio Bucchieri,1
Antonella Marino Gammazza,1
Alessandro Pitruzzella,1
Alberto Fucarino,1
Felicia Farina,1
Peter Howarth,1
Stephen T Holgate,1
Giovanni Zummo,1
Donna E Davies,1
Karen Kemirembe,1
Kate Liebmann,1
Abigail Bootes,1
Wendy A Smith,1
Yuichiro Suzuki,1
Sergio L Blay,1
Gerda G Fillenbaum,1
Sergio B Andreoli,1
Fábio L Gastal,1
Adrienne M Starks,1
Damali N Martin,1
Tiffany H Dorsey,1
Brenda J Boersma,1
Tiffany A Wallace,1
Stefan Ambs,1
Malinda H Kennedy,1
Verónica S Di Stilio,1
Rachana A Kumar,1
Alessandra M Oddone,1
Theadora R Tolkin,1
Patricia Salles,1
Kacie McCarty,1
Thor Aspelund,1
Vilmundur Gudnason,1
Bergrun Tinna Magnusdottir,1
Karl Andersen,1
Gunnar Sigurdsson,1
Bolli Thorsson,1
Laufey Steingrimsdottir,1
Elisabet Gas-Pascual,1
Anne Berna,1
Hubert Schaller,1
Alexandru Coman,1
Daniel N Maftei,1
Whitney S Krueger,1
Gary L Heil,1
Razvan M Chereches,1
Emanuela Sirlincan,1
Paul Bria,1
Claudiu Dragnea,1
Iosif Kasler,1
Marissa A Valentine,1
Gregory C Gray,1
Viviane Callier,1
H Frederik Nijhout,1
Anna Chikova,1
Sergei A Grando,1
Chloé Marchive,1
Céline Léon,1
Christian Kappel,1
Pierre Coutos-Thévenot,1
Marie-France Corio-Costet,1
Serge Delrot,1
Virginie Lauvergeat,1
Meng Rao,1
Lian-Dong Zuo,1
Fang Fang,1
Kuete Martin,1
Yi Zheng,1
Hui-Ping Zhang,1
Hong-Gang Li,1
Chang-Hong Zhu,1
Cheng-Liang Xiong,1
Huang-Tao Guan,1
Patrick Cosson,1
Valérie Schurdi-Levraud,1
Quang Hien Le,1
Ophélie Sicard,1
Mélodie Caballero,1
Fabrice Roux,1
Olivier Le Gall,1
Thierry Candresse,1
Frédéric Revers,1
Yan-Ping Shih,1
Chi-Chi Chou,1
Yi-Ling Chen,1
Kai-Fa Huang,1
Andrew H-J Wang,1
Sukalyani Banik,1
Ahd Ahmed Mansour,1
Ragavan Varadharajan Suresh,1
Sherri Wykoff-Clary,1
Meenakshi Malik,1
Alison A McCormick,1
Chandra Shekhar Bakshi,1
Yu-Fu Hung,1
Olga Valdau,1
Sven Schünke,1
Omer Stern,1
Bernd W Koenig,1
Dieter Willbold,1
Silke Hoffmann,1
Pavan Kumar,1
Sagar Subhash Pandit,1
Jee-Young Moon,1
Yiqun Wu,1
Demetrios Albanes,1
Eric Duell,1
Gadi Rennert,1
Gary Goodman,1
James D Mckay,1
Loic Le Marchand,1
Michael Davies,1
Mikael Johansson,1
Susanne Arnold,1
Xuchen Zong,1
Gloria Y F Ho,1
Baqiyyah N Conway,1
Xijing Han,1
Heather M Munro,1
Amy L Gross,1
Margaret K Hargreaves,1
Alvin C Powers,1
William J Blot,1
Leandro Fórnias Machado de Rezende,1
Juan Pablo Rey-López,1
Thiago Hérick de Sá,1
Nicholas Chartres,1
Alice Fabbri,1
Lauren Powell,1
Emmanuel Stamatakis,1
Lisa Bero,1
Annie M Bérard,1
Aurélie Bedel,1
Rémi Le Trequesser,1
Geneviève Freyburger,1
Alan Nurden,1
Sylvie Colomer,1
Viviane Guérin,1
Marie-Christine Vergnes,1
François Becker,1
Gabriel Camelot,1
Luc Bressolette,1
Jean-Pierre Cambou,1
Alessandra Bura-Rivière,1
Joseph Emmerich,1
Michel Darmon,1
Anne-Marie Deletraz,1
Samir Mesli,1
Brigitte Colombies,1
Virginie Vanbrugghe,1
Claude Conri,1
Joël Constans,1
Valentina Lupato,1
Dana Holzinger,1
Daniela Höfler,1
Anna Menegaldo,1
Paolo Giorgi Rossi,1
Annarosa Del Mistro,1
Maria Cristina Da Mosto,1
Michael Pawlita,1
Paolo Boscolo-Rizzo,1
Bingliang Liu,1
Yichao Zhu,1
Tianzhen Zhang,1
Abigail M Hatcher,1
Alexander C Tsai,1
Elias Kumbakumba,1
Shari L Dworkin,1
Peter W Hunt,1
Jeffrey N Martin,1
Gina Clark,1
David R Bangsberg,1
Sheri D Weiser,1
Chao Agnes Hsiung,1
Qing Lan,1
H Dean Hosgood,1
I-Shou Chang,1
Chen Wu,1
Gee-Chen Chang,1
Tangchun Wu,1
Jae Yong Park,1
Chin-Fu Hsiao,1
Yeul Hong Kim,1
Adeline Seow,1
Meredith Yeager,1
Ying-Huang Tsai,1
Young Tae Kim,1
Huan Guo,1
Wen-Chang Wang,1
Sook Whan Sung,1
Zhibin Hu,1
Kuan-Yu Chen,1
Joo Hyun Kim,1
Ying Chen,1
Liming Huang,1
Kyoung-Mu Lee,1
Yen-Li Lo,1
Jin Hee Kim,1
Li Liu,1
Ming-Shyan Huang,1
Tae Hoon Jung,1
Guangfu Jin,1
Dianke Yu,1
Chang Ho Kim,1
Wu-Chou Su,1
In-San Kim,1
Yuh-Min Chen,1
Hongxia Ma,1
Min Shen,1
Sung Ick Cha,1
Wen Tan,1
Chin-Hao Chang,1
Jae Sook Sung,1
Mingfeng Zhang,1
Tsung-Ying Yang,1
Kyong Hwa Park,1
Jeff Yuenger,1
Chih-Liang Wang,1
Jeong-Seon Ryu,1
Yongbing Xiang,1
Qifei Deng,1
Jun Suk Kim,1
Qiuyin Cai,1
Chong-Jen Yu,1
Ju-Yeon Park,1
Margaret Tucker,1
Jen-Yu Hung,1
Chien-Chung Lin,1
Reury-Perng Perng,1
Chih-Yi Chen,1
Kun-Chieh Chen,1
Shi-Yi Yang,1
Chi-Yuan Hu,1
Chung-Kai Chang,1
Joseph F Fraumeni,1
Stephen Chanock,1
Pan-Chyr Yang,1
Nathaniel Rothman,1
Dongxin Lin,1
Yanhua Wu,1
Yaqin Yu,1
Tiancheng Zhao,1
Shibin Wang,1
Yingli Fu,1
Yue Qi,1
Guang Yang,1
Wenwang Yao,1
Yingying Su,1
Yue Ma,1
Jieping Shi,1
Jing Jiang,1
Changgui Kou,1
Benjamin Cadier,1
Isabelle Durand-Zaleski,1
Daniel Thomas,1
Karine Chevreul,1
Shakir D Alsharari,1
Justin R King,1
Jacob C Nordman,1
Pretal P Muldoon,1
Asti Jackson,1
Andy Z X Zhu,1
Rachel F Tyndale,1
Nadine Kabbani,1
M Imad Damaj,1
Adrian Muwonge,1
Sydney Malama,1
Barend M de C Bronsvoort,1
Demelash Biffa,1
Willy Ssengooba,1
Eystein Skjerve,1
Brian N Chorley,1
Steven R Kleeberger,1
John Brothers,1
Gang Liu,1
Adam D Steinbrenner,1
Sandra Goritschnig,1
Brian J Staskawicz,1
Mohammed S Orloff,1
Li Zhang,1
Gurkan Bebek,1
Charis Eng,1
Stavros I Iliadis,1
Erika Comasco,1
Sara Sylvén,1
Charlotte Hellgren,1
Inger Sundström Poromaa,1
Alkistis Skalkidou,1
Lili Zhang,1
Zhenjun Li,1
Jingfu Li,1
Aoxue Wang,1
Damian J Williams,1
Henry L Puhl,1
Stephen R Ikeda,1
Duchai Huang,1
Kenneth D Coburn,1
Sherry Marcantonio,1
Robert Lazansky,1
Maryellen Keller,1
Nancy Davis,1
Rosa Lozano-Durán,1
Tábata Rosas-Díaz,1
Ana P Luna,1
Eduardo R Bejarano,1
L Drew Hill,1
Rufus Edwards,1
Jay R Turner,1
Yuma D Argo,1
Purevdorj B Olkhanud,1
Munkhtuul Odsuren,1
Sarath Guttikunda,1
Chimedsuren Ochir,1
Kirk R Smith,1
Carola Biancalani,1
Matteo Cerboneschi,1
Francesco Tadini-Buoninsegni,1
Margherita Campo,1
Arianna Scardigli,1
Annalisa Romani,1
Stefania Tegli,1
Evan C Palmer-Young,1
Jonathan Gershenzon,1
Vyacheslav S Kosorukov,1
Ksenia A Skrypnik,1
Wendi Zhou,1
Yih-wen Chen,1
Xiyong Liu,1
Peiguo Chu,1
Sofia Loria,1
Yafan Wang,1
Yun Yen,1
Kai-Ming Chou,1
Guillaume Lafforgue,1
Josep Sardanyés,1
John W Stanifer,1
Venance Maro,1
Joseph Egger,1
Francis Karia,1
Nathan Thielman,1
Elizabeth L Turner,1
Dionis Shimbi,1
Humphrey Kilaweh,1
Oliver Matemu,1
Uptal D Patel,1
Changzheng Yuan,1
Tyler J VanderWeele,1
Tatiana Dracheva,1
Jonine D Figueroa,1
Huaitian Liu,1
Abhijit Dasgupta,1
Felecia E Mann,1
Junya Fukuoka,1
Megan Hames,1
Ping Yang,1
Joanna H Shih,1
Jin Jen,1
Wei Li,1
Yi-Hsuan Chiang,1
Gitta Coaker,1
Imma Grau,1
Carmen Ardanuy,1
Laura Calatayud,1
Dora Rolo,1
Arnau Domenech,1
Josefina Liñares,1
Roman Pallares,1
Theodora W Elffers,1
Renée de Mutsert,1
Hildo J Lamb,1
Albert de Roos,1
Ko Willems van Dijk,1
Frits R Rosendaal,1
J Wouter Jukema,1
Stella Trompet,1
Linyan Li,1
Yinping Zhang,1
John D Spengler,1
Fang Qu,1
John Hughes,1
Zubair Kabir,1
Joel W Hotchkiss,1
Frank Kee,1
Alastair H Leyland,1
Carolyn Davies,1
Piotr Bandosz,1
Maria Guzman-Castillo,1
Marianne van der Mark,1
Peter C G Nijssen,1
Jelle Vlaanderen,1
Anke Huss,1
Wim M Mulleners,1
Antonetta M G Sas,1
Teus van Laar,1
Hans Kromhout,1
Roel Vermeulen,1
Nan Hu,1
Xuefeng Han,1
Erin K Lane,1
Feng Gao,1
Yingmei Zhang,1
Jun Ren,1
Maria C Maldifassi,1
Gema Atienza,1
Francisco Arnalich,1
Eduardo López-Collazo,1
Jose L Cedillo,1
Carolina Martín-Sánchez,1
Anna Bordas,1
Jaime Renart,1
Carmen Montiel,1
Daniel Mak,1
Chantal Babb de Villiers,1
Charles Chasela,1
Margaret I Urban,1
Anna Kramvis,1
Yuji Yasukochi,1
Makiko Tanaka-Okuyama,1
Fukashi Shibata,1
Atsuo Yoshido,1
Frantisek Marec,1
Chengcang Wu,1
Hongbin Zhang,1
Marian R Goldsmith,1
Ken Sahara,1
J C Censin,1
Christoph Nowak,1
Nicholas Cooper,1
Peter Bergsten,1
John A Todd,1
Tove Fall,1
Stéphanie Bedhomme,1
Jeanette Noel Du Plooy,1
Antoinette Buys,1
Wiebren Duim,1
Etheresia Pretorius,1
Young-In Chi,1
Monika Martick,1
Monica Lares,1
Rosalind Kim,1
William G Scott,1
Sung-Hou Kim,1
Lei Phillip Wang,1
Fei Li,1
Xiaoming Shen,1
Joe Z Tsien,1
Annika Antonsson,1
Michelle Cornford,1
Susan Perry,1
Marcia Davis,1
Michael P Dunne,1
David A Klein,1
William P Adelman,1
Amy M Thompson,1
Richard G Shoemaker,1
Jane Shen-Gunther,1
Paul M Macey,1
Mary A Woo,1
Rebecca L Cross,1
Ronald M Harper,1
Geraldo F Oliveira,1
Teresinha R R Oliveira,1
Adauto T Ikejiri,1
Mariela P Andraus,1
Tais F Galvao,1
Marcus T Silva,1
Maurício G Pereira,1
Joel B Rodgers,1
David G Warnock,1
Mary Cushman,1
Lirije Hyseni,1
Alex Elliot-Green,1
Ffion Lloyd-Williams,1
Chris Kypridemos,1
Rory McGill,1
Lois Orton,1
Helen Bromley,1
Francesco P Cappuccio,1
Ricardo A Verdugo,1
Tanja Zeller,1
Maxime Rotival,1
Philipp S Wild,1
Thomas Münzel,1
Karl J Lackner,1
Henri Weidmann,1
Ewa Ninio,1
David-Alexandre Trégouët,1
François Cambien,1
Stefan Blankenberg,1
Laurence Tiret,1
Terje A Eikemo,1
Rasmus Hoffmann,1
Ivana Kulhánová,1
Marlen Toch-Marquardt,1
Gwenn Menvielle,1
Caspar Looman,1
Domantas Jasilionis,1
Pekka Martikainen,1
Olle Lundberg,1
Nora Adam,1
Mario Kallenbach,1
Stefan Meldau,1
Nicole M van Dam,1
Sang-Gyu Kim,1
Felipe Yon,1
Jyotasana Gulati,1
Sinna P Ulrichsen,1
Anil Mor,1
Elisabeth Svensson,1
Finn B Larsen,1
Reimar W Thomsen,1
Matthew Triplette,1
Engi F Attia,1
Kathleen M Akgün,1
Guy W Soo Hoo,1
Matthew S Freiberg,1
Adeel A Butt,1
Matthew Bidwell Goetz,1
Sheldon T Brown,1
Christopher J Graber,1
Laurence Huang,1
Rui Luo,1
Suzhen Gong,1
Chunchao Wang,1
Qiang Wei,1
Kang Zhang,1
Ling Wang,1
Fengxia Liu,1
Linna Zhao,1
Yuanjun Tan,1
Chao Di,1
Hong Yan,1
Chuanqing Sun,1
Wenqiong J Chen,1
Wenying Xu,1
Zhen Su,1
Yongqiang Zhang,1
Xinwu Pei,1
Chao Zhang,1
Zifeng Lu,1
Zhixing Wang,1
Shirong Jia,1
Weimin Li,1
Alex Boyko,1
Todd Blevins,1
Youli Yao,1
Andrey Golubov,1
Andriy Bilichak,1
Yaroslav Ilnytskyy,1
Jens Hollunder,1
Frederick Meins,1
Igor Kovalchuk,1
Zsuzsanna Sasvari,1
Stéphane Bach,1
Marc Blondel,1
Peter D Nagy,1
Taiyun Wei,1
Changwei Zhang,1
Xilin Hou,1
Hélène Sanfaçon,1
Aiming Wang,1
Rachel M Ostroff,1
William L Bigbee,1
Wilbur Franklin,1
Larry Gold,1
Mike Mehan,1
York E Miller,1
Harvey I Pass,1
William N Rom,1
Jill M Siegfried,1
Alex Stewart,1
Jeffrey J Walker,1
Joel L Weissfeld,1
Stephen Williams,1
Dom Zichi,1
Edward N Brody,1
Evangelia Liakoni,1
Michael P Schaub,1
Larissa J Maier,1
Gaëlle-Vanessa Glauser,1
Matthias E Liechti,1
Marta López-Sánchez,1
Mariana Muñoz-Esquerre,1
Daniel Huertas,1
José Gonzalez-Costello,1
Jesús Ribas,1
Federico Manresa,1
Jordi Dorca,1
Salud Santos,1
Annelisa Silva E Alves de Carvalho Santos,1
Erika Aparecida Silveira,1
Marianne de Oliveira Falco,1
Lalita Gupta,1
Ju Young Noh,1
Yong Hun Jo,1
Seung Han Oh,1
Sanjeev Kumar,1
Mi Young Noh,1
Yong Seok Lee,1
Sung-Jae Cha,1
Sook Jae Seo,1
Iksoo Kim,1
Yeon Soo Han,1
Carolina Barillas-Mury,1
Roberto F Machado,1
Joe G N Garcia,1
Dean E Schraufnagel,1
Emeli Lundström,1
Toinette Hartshorne,1
Kelly Li,1
Staffan Lindblad,1
Marius C Wick,1
Camilla Bengtsson,1
Lars Klareskog,1
Leonid Padyukov,1
Thiago Veiga Jardim,1
Thomas A Gaziano,1
Flávia Miquetichuc Nascente,1
Carolina de Souza Carneiro,1
Polyana Morais,1
Vanessa Roriz,1
Karla Lorena Mendonça,1
Thaís Inácio Rolim Póvoa,1
Weimar Kunz Sebba Barroso,1
Ana Luiza Lima Sousa,1
Paulo César Brandão Veiga Jardim,1
Uday Narayan Yadav,1
Man Kumar Tamang,1
Grish Paudel,1
Bharat Kafle,1
Suresh Mehta,1
Varalakshmi Chandra Sekaran,1
Jeroen R J H Gruiskens,1
Pingyuan Gong,1
Guomin Shen,1
She Li,1
Guoping Zhang,1
Hongchao Fang,1
Lin Lei,1
Peizhe Zhang,1
Fuchang Zhang,1
Laura Miranda de Oliveira Caram,1
Renata Ferrari,1
André Luís Bertani,1
Thaís Garcia,1
Carolina Bonfanti Mesquita,1
Caroline Knaut,1
Suzana Erico Tanni,1
Irma Godoy,1
Megha Verma,1
David Beaulieu-Abdelahad,1
Ghania Ait-Ghezala,1
Rena Li,1
Fiona Crawford,1
Michael Mullan,1
Daniel Paris,1
Rakesh Santhanam,1
Dorothea G Meldau,1
Sigrid Bjerge Gribsholt,1
Lars Pedersen,1
Bjørn Richelsen,1
Olaf Dekkers,1
Reimar Wernich Thomsen,1
Louise V Wain,1
Ian Sayers,1
María Soler Artigas,1
Michael A Portelli,1
Eleftheria Zeggini,1
Ma'en Obeidat,1
Don D Sin,1
Yohan Bossé,1
David Nickle,1
Corry-Anke Brandsma,1
Anders Malarstig,1
Ciara Vangjeli,1
Scott A Jelinsky,1
Sally John,1
Iain Kilty,1
Tricia McKeever,1
Nick R G Shrine,1
James P Cook,1
Shrina Patel,1
Tim D Spector,1
Edward J Hollox,1
Ian P Hall,1
Martin D Tobin,1
Erica L Stockbridge,1
Thaddeus L Miller,1
Erin K Carlson,1
Christine Ho,1
Fabrice Trovero,1
Sabrina David,1
Philippe Bernard,1
Alain Puech,1
Jean-Charles Bizot,1
Jean-Pol Tassin,1
Charbel El Bcheraoui,1
Mohammed Basulaiman,1
Shelley Wilson,1
Farah Daoud,1
Marwa Tuffaha,1
Mohammad A AlMazroa,1
Ziad A Memish,1
Mohammed Al Saeedi,1
Ali H Mokdad,1
Jeongeun Hwang,1
Miso Jang,1
Namkug Kim,1
Seunghyun Choi,1
Yeon-Mok Oh,1
Joon Beom Seo,1
Zoë M McLaren,1
Kathryn Schnippel,1
Alana Sharp,1
Jeanne Sibiude,1
Laurent Mandelbrot,1
Stéphane Blanche,1
Jérôme Le Chenadec,1
Naima Boullag-Bonnet,1
Albert Faye,1
Catherine Dollfus,1
Roland Tubiana,1
Damien Bonnet,1
Nathalie Lelong,1
Babak Khoshnood,1
Josiane Warszawski,1
Jae Young Choi,1
Jong Yul Roh,1
Qin Liu,1
Xue Ying Tao,1
Jong Bin Park,1
Jae Su Kim,1
Yeon Ho Je,1
Ling Xu,1
Yong-Hua Qu,1
Xin-Di Chu,1
Heather H Nelson,1
Sheena E M Lewis,1
Cinzia Rapino,1
Monia Di Tommaso,1
Mariangela Pucci,1
Natalia Battista,1
Rita Paro,1
Luke Simon,1
Deborah Lutton,1
Mauro Maccarrone,1
Vanessa Neuhaus,1
Katharina Schwarz,1
Anna Klee,1
Sophie Seehase,1
Christine Förster,1
Olaf Pfennig,1
Danny Jonigk,1
Hans-Gerd Fieguth,1
Wolfgang Koch,1
Gregor Warnecke,1
Katherina Sewald,1
Armin Braun,1
Guannan Bai,1
Ida J Korfage,1
Vincent W V Jaddoe,1
Eva Mautner,1
QingQing Wang,1
Lili Guo,1
Cassandra J Strawser,1
Lauren A Hauser,1
Wei-Ting Hwang,1
Nathaniel W Snyder,1
David R Lynch,1
Clementina Mesaros,1
Ian A Blair,1
R Mark Jones,1
Jessica A Chichester,1
Vadim Mett,1
Jennifer Jaje,1
Stephen Tottey,1
Slobodanka Manceva,1
Louis J Casta,1
Sandra K Gibbs,1
Konstantin Musiychuk,1
Moneim Shamloul,1
Joey Norikane,1
Valentina Mett,1
Stephen J Streatfield,1
Marga van de Vegte-Bolmer,1
Will Roeffen,1
Robert W Sauerwein,1
Junwei Hao,1
Fu-Dong Shi,1
Mohammed Abdelwahab,1
Samuel X Shi,1
Alain Simard,1
Paul Whiteaker,1
Ronald Lukas,1
Qinghua Zhou,1
Joseph E Munyaneza,1
Tariq Mustafa,1
Tonja W Fisher,1
Venkatesan G Sengoda,1
David R Horton,1
Maarten G Verlaan,1
Samuel F Hutton,1
Ragy M Ibrahem,1
Richard Kormelink,1
Richard G F Visser,1
John W Scott,1
Jeremy D Edwards,1
Yuling Bai,1
Stefan Schuck,1
Arne Weinhold,1
Van Thi Luu,1
Mariem Bradai,1
Habib Mahjoubi,1
Andrea Chini,1
Marie-Edith Chabouté,1
Moez Hanin,1
Chantal Ebel,1
Mustapha Aouida,1
Kangchang Kim,1
Abdul Rajjak Shaikh,1
Jose M Pardo,1
Jörg Eppinger,1
Dae-Jin Yun,1
Ray A Bressan,1
Meena L Narasimhan,1
Juyong Brian Kim,1
Milos Pjanic,1
Trieu Nguyen,1
Clint L Miller,1
Dharini Iyer,1
Boxiang Liu,1
Ting Wang,1
Olga Sazonova,1
Ivan Carcamo-Orive,1
Ljubica Perisic Matic,1
Lars Maegdefessel,1
Ulf Hedin,1
Thomas Quertermous,1
Nicolas Tromas,1
Der-Yuan Chen,1
Ching-Heng Lin,1
Yi-Ming Chen,1
Hsin-Hua Chen,1
Naoto Tsuda,1
Shin Kumadaki,1
Chika Higashi,1
Makoto Ozawa,1
Mikihiko Shinozaki,1
Yutaka Kato,1
Koutarou Hoshida,1
Satomi Kikuchi,1
Yoshihisa Nakano,1
Yoshihiro Ogawa,1
Shoji Furusako,1
Jong Ju Seon,1
Yu Jin Lim,1
Hae Won Lee,1
Jae Moon Yoon,1
Sang June Kim,1
Seulggie Choi,1
Sang Min Park,1
Rashad Mohammed Alsanosy,1
Mohamed Salih Mahfouz,1
Abdelrahim Mutwakel Gaffar,1
Sarah C Atkinson,1
Con Dogovski,1
Matthew T Downton,1
F Grant Pearce,1
Cyril F Reboul,1
Ashley M Buckle,1
Juliet A Gerrard,1
Renwick C J Dobson,1
John Wagner,1
Matthew A Perugini,1
Mathukumalli Srinivasa Rao,1
Pettem Swathi,1
Chitiprolu Anantha Rama Rao,1
K V Rao,1
B M K Raju,1
Karlapudi Srinivas,1
Dammu Manimanjari,1
Mandapaka Maheswari,1
Omaththage P Perera,1
Kent S Shelby,1
Holly J R Popham,1
Fred Gould,1
Michael J Adang,1
Juan Luis Jurat-Fuentes,1
Antoine Tran,1
Laurie Tran,1
Nicolas Geghre,1
David Darmon,1
Marion Rampal,1
Diane Brandone,1
Jean-Michel Gozzo,1
Hervé Haas,1
Karine Rebouillat-Savy,1
Hervé Caci,1
Paul Avillach,1
Karin Engvall,1
Greta Smedje,1
Hae Dong Woo,1
Aesun Shin,1
Jeongseon Kim,1
Matthew F Buas,1
David M Levine,1
Harvey A Risch,1
Rebecca C Fitzgerald,1
Leslie Bernstein,1
Weimin Ye,1
Nigel C Bird,1
Yvonne Romero,1
Alan G Casson,1
Douglas A Corley,1
Nicholas J Shaheen,1
Anna H Wu,1
Marilie D Gammon,1
Laura J Hardie,1
Ulrike Peters,1
Hong Lei,1
Carolina E Reisenman,1
Caroline H Wilson,1
Prasad Gabbur,1
John G Hildebrand,1
Ruud G J Detert Oude Weme,1
Ákos T Kovács,1
Sander J G de Jong,1
Jan-Willem Veening,1
Jeroen Siebring,1
Oscar P Kuipers,1
Adam S Husk,1
Brian W Barnett,1
Michelle M Pickel,1
Charles J Arntzen,1
David C Montefiori,1
Atsushi Takahashi,1
Kazunobu Tanno,1
Satoshi Omura,1
Huyen Cao,1
Jason P Mooney,1
Carl V Hanson,1
Haruo Tanaka,1
Yoon Hong Chun,1
Kyungdo Han,1
Yong-Gyu Park,1
Jong-Seo Yoon,1
Hyun Hee Kim,1
Jin Tack Kim,1
Dae Chul Jeong,1
Adrien Flahault,1
Denis Trystram,1
Marie Fouchard,1
Bertrand Knebelmann,1
François Nataf,1
Dominique Joly,1
Silvia de Magalhães Simões,1
Sergio S da Cunha,1
Álvaro A Cruz,1
Karen Conceição Dias,1
Neuza M Alcântara-Neves,1
Leila D Amorim,1
Laura C Rodrigues,1
Maurício L Barreto,1
Adrian M Gomez,1
Narasimha M Midde,1
Charles F Mactutus,1
Rosemarie M Booze,1
Jun Zhu,1
Yu Jiang,1
Sai Chen,1
Daniel McGuire,1
Fang Chen,1
Mengzhen Liu,1
William G Iacono,1
John K Hewitt,1
John E Hokanson,1
Kenneth Krauter,1
Markku Laakso,1
Kevin W Li,1
Sharon M Lutz,1
Matthew McGue,1
Anita Pandit,1
Gregory J M Zajac,1
Michael Boehnke,1
Goncalo R Abecasis,1
Scott I Vrieze,1
Xiaowei Zhan,1
Bibo Jiang,1
Dajiang J Liu,1
Chen Zhang,1
Xiaoming Li,1
Yu Liu,1
Shan Qiao,1
Yuejiao Zhou,1
Zhiyong Shen,1
Yi Chen,1
Yanlong Wang,1
Bin Hu,1
Shipeng Du,1
Shan Gao,1
Xiwen Chen,1
Defu Chen,1
Maria C Harpsøe,1
Kristian Tore Jørgensen,1
Morten Frisch,1
Tine Jess,1
Luca Cicalese,1
Giuseppe Curcuru,1
Mauro Montalbano,1
Ali Shirafkan,1
Jeremias Georgiadis,1
Cristiana Rastellini,1
Annet F M van Abeelen,1
Sjoerd G Elias,1
Pim A de Jong,1
Diederick E Grobbee,1
Patrick M M Bossuyt,1
Tessa J Roseboom,1
Cuno S P M Uiterwaal,1
Jihyoun Jeon,1
Michele L Cote,1
John M McPartland,1
Geoffrey W Guy,1
Vincenzo Di Marzo,1
Simone Haeberlein,1
Katja Obieglo,1
Arifa Ozir-Fazalalikhan,1
Mathilde A M Chayé,1
Henrike Veninga,1
Luciën E P M van der Vlugt,1
Astrid Voskamp,1
Louis Boon,1
Joke M M den Haan,1
Lotte B Westerhof,1
Ruud H P Wilbers,1
Arjen Schots,1
Gabriele Schramm,1
Cornelis H Hokke,1
Hermelijn H Smits,1
Karen C Peebles,1
Helen Horsman,1
Yu-Chieh Tzeng,1
Asma Rehman,1
Russell J Jarrott,1
Andrew E Whitten,1
Gordon J King,1
Shu-Hong Hu,1
Michelle P Christie,1
Brett M Collins,1
Jennifer L Martin,1
Steven J Klosterman,1
Krishna V Subbarao,1
Seogchan Kang,1
Paola Veronese,1
Scott E Gold,1
Bart P H J Thomma,1
Zehua Chen,1
Bernard Henrissat,1
Yong-Hwan Lee,1
Jongsun Park,1
Maria D Garcia-Pedrajas,1
Dez J Barbara,1
Amy Anchieta,1
Ronnie de Jonge,1
Parthasarathy Santhanam,1
Karunakaran Maruthachalam,1
Zahi Atallah,1
Stefan G Amyotte,1
Zahi Paz,1
Patrik Inderbitzin,1
Ryan J Hayes,1
David I Heiman,1
Sarah Young,1
Qiandong Zeng,1
Reinhard Engels,1
James Galagan,1
Christina A Cuomo,1
Katherine F Dobinson,1
Li-Jun Ma,1
